fecha,busquedas,visitas,festivo,festividad
2015-01-01,101,67,1,AñoNuevo
2015-01-02,50,24,0,
2015-01-03,50,28,0,
2015-01-04,64,49,0,
2015-01-05,54,38,0,
2015-01-06,45,34,0,
2015-01-07,41,21,0,
2015-01-08,41,29,0,
2015-01-09,48,23,0,
2015-01-10,41,23,0,
2015-01-11,53,29,0,
2015-01-12,55,33,0,
2015-01-13,54,38,0,
2015-01-14,57,37,0,
2015-01-15,51,24,0,
2015-01-16,57,35,0,
2015-01-17,52,33,0,
2015-01-18,42,25,0,
2015-01-19,54,28,0,
2015-01-20,52,36,0,
2015-01-21,41,29,0,
2015-01-22,56,23,0,
2015-01-23,62,42,0,
2015-01-24,46,26,0,
2015-01-25,53,41,0,
2015-01-26,53,42,0,
2015-01-27,45,27,0,
2015-01-28,41,24,0,
2015-01-29,58,39,0,
2015-01-30,54,39,0,
2015-01-31,46,35,0,
2015-02-01,54,34,0,
2015-02-02,53,24,0,
2015-02-03,54,25,0,
2015-02-04,46,33,0,
2015-02-05,111,45,1,DíaConstitución
2015-02-06,64,47,0,
2015-02-07,65,49,0,
2015-02-08,57,28,0,
2015-02-09,44,21,0,
2015-02-10,56,30,0,
2015-02-11,44,22,0,
2015-02-12,52,27,0,
2015-02-13,55,28,0,
2015-02-14,58,38,0,
2015-02-15,59,37,0,
2015-02-16,41,24,0,
2015-02-17,44,20,0,
2015-02-18,48,21,0,
2015-02-19,49,33,0,
2015-02-20,53,32,0,
2015-02-21,42,18,0,
2015-02-22,66,48,0,
2015-02-23,57,37,0,
2015-02-24,48,26,0,
2015-02-25,45,27,0,
2015-02-26,47,37,0,
2015-02-27,46,21,0,
2015-02-28,60,46,0,
2015-03-01,37,25,0,
2015-03-02,48,26,0,
2015-03-03,67,44,0,
2015-03-04,48,31,0,
2015-03-05,52,28,0,
2015-03-06,48,22,0,
2015-03-07,43,20,0,
2015-03-08,60,38,0,
2015-03-09,50,39,0,
2015-03-10,45,20,0,
2015-03-11,53,38,0,
2015-03-12,46,33,0,
2015-03-13,53,21,0,
2015-03-14,60,40,0,
2015-03-15,42,33,0,
2015-03-16,40,20,0,
2015-03-17,43,19,0,
2015-03-18,42,27,0,
2015-03-19,54,31,0,
2015-03-20,59,32,0,
2015-03-21,139,80,1,BenitoJuárez
2015-03-22,48,35,0,
2015-03-23,47,33,0,
2015-03-24,54,29,0,
2015-03-25,46,34,0,
2015-03-26,49,38,0,
2015-03-27,54,40,0,
2015-03-28,41,17,0,
2015-03-29,51,34,0,
2015-03-30,60,35,0,
2015-03-31,43,23,0,
2015-04-01,51,20,0,
2015-04-02,59,23,0,
2015-04-03,127,82,1,SemanaSanta
2015-04-04,59,39,0,
2015-04-05,55,24,0,
2015-04-06,48,24,0,
2015-04-07,53,22,0,
2015-04-08,47,27,0,
2015-04-09,50,32,0,
2015-04-10,56,38,0,
2015-04-11,63,31,0,
2015-04-12,53,38,0,
2015-04-13,35,19,0,
2015-04-14,44,33,0,
2015-04-15,47,31,0,
2015-04-16,49,34,0,
2015-04-17,48,37,0,
2015-04-18,59,39,0,
2015-04-19,46,19,0,
2015-04-20,45,23,0,
2015-04-21,48,25,0,
2015-04-22,42,32,0,
2015-04-23,50,31,0,
2015-04-24,51,21,0,
2015-04-25,50,28,0,
2015-04-26,46,30,0,
2015-04-27,35,18,0,
2015-04-28,43,32,0,
2015-04-29,50,20,0,
2015-04-30,47,19,0,
2015-05-01,52,40,0,
2015-05-02,45,24,0,
2015-05-03,45,33,0,
2015-05-04,39,19,0,
2015-05-05,46,34,0,
2015-05-06,49,37,0,
2015-05-07,63,37,0,
2015-05-08,49,33,0,
2015-05-09,41,21,0,
2015-05-10,134,59,1,DíaMadre
2015-05-11,49,30,0,
2015-05-12,48,35,0,
2015-05-13,47,30,0,
2015-05-14,43,25,0,
2015-05-15,67,28,0,
2015-05-16,42,23,0,
2015-05-17,48,34,0,
2015-05-18,39,26,0,
2015-05-19,48,36,0,
2015-05-20,52,39,0,
2015-05-21,51,25,0,
2015-05-22,52,24,0,
2015-05-23,49,23,0,
2015-05-24,52,41,0,
2015-05-25,59,41,0,
2015-05-26,57,22,0,
2015-05-27,50,29,0,
2015-05-28,43,31,0,
2015-05-29,57,26,0,
2015-05-30,51,30,0,
2015-05-31,50,24,0,
2015-06-01,55,28,0,
2015-06-02,46,23,0,
2015-06-03,43,18,0,
2015-06-04,56,35,0,
2015-06-05,58,25,0,
2015-06-06,51,21,0,
2015-06-07,47,29,0,
2015-06-08,66,34,0,
2015-06-09,51,20,0,
2015-06-10,47,33,0,
2015-06-11,46,21,0,
2015-06-12,43,27,0,
2015-06-13,45,18,0,
2015-06-14,49,25,0,
2015-06-15,53,39,0,
2015-06-16,51,30,0,
2015-06-17,47,19,0,
2015-06-18,52,24,0,
2015-06-19,57,39,0,
2015-06-20,46,27,0,
2015-06-21,123,79,1,DíaPadre
2015-06-22,56,27,0,
2015-06-23,43,21,0,
2015-06-24,51,29,0,
2015-06-25,44,24,0,
2015-06-26,53,41,0,
2015-06-27,57,32,0,
2015-06-28,43,23,0,
2015-06-29,47,24,0,
2015-06-30,48,24,0,
2015-07-01,55,25,0,
2015-07-02,48,20,0,
2015-07-03,52,38,0,
2015-07-04,42,25,0,
2015-07-05,45,31,0,
2015-07-06,58,33,0,
2015-07-07,53,39,0,
2015-07-08,49,28,0,
2015-07-09,49,23,0,
2015-07-10,37,19,0,
2015-07-11,40,23,0,
2015-07-12,45,21,0,
2015-07-13,53,25,0,
2015-07-14,44,28,0,
2015-07-15,54,33,0,
2015-07-16,46,32,0,
2015-07-17,44,33,0,
2015-07-18,49,30,0,
2015-07-19,55,36,0,
2015-07-20,62,36,0,
2015-07-21,54,27,0,
2015-07-22,53,32,0,
2015-07-23,49,24,0,
2015-07-24,33,21,0,
2015-07-25,53,22,0,
2015-07-26,44,29,0,
2015-07-27,53,36,0,
2015-07-28,49,23,0,
2015-07-29,52,25,0,
2015-07-30,40,25,0,
2015-07-31,45,28,0,
2015-08-01,58,32,0,
2015-08-02,43,18,0,
2015-08-03,61,45,0,
2015-08-04,62,28,0,
2015-08-05,40,19,0,
2015-08-06,58,42,0,
2015-08-07,41,25,0,
2015-08-08,56,24,0,
2015-08-09,49,33,0,
2015-08-10,35,16,0,
2015-08-11,45,34,0,
2015-08-12,57,30,0,
2015-08-13,59,46,0,
2015-08-14,60,38,0,
2015-08-15,29,18,0,
2015-08-16,54,39,0,
2015-08-17,60,43,0,
2015-08-18,56,35,0,
2015-08-19,68,45,0,
2015-08-20,40,28,0,
2015-08-21,57,32,0,
2015-08-22,52,41,0,
2015-08-23,66,43,0,
2015-08-24,44,35,0,
2015-08-25,54,24,0,
2015-08-26,53,35,0,
2015-08-27,41,25,0,
2015-08-28,62,28,0,
2015-08-29,46,26,0,
2015-08-30,44,30,0,
2015-08-31,60,32,0,
2015-09-01,52,30,0,
2015-09-02,49,34,0,
2015-09-03,49,26,0,
2015-09-04,49,35,0,
2015-09-05,54,22,0,
2015-09-06,47,31,0,
2015-09-07,58,30,0,
2015-09-08,61,45,0,
2015-09-09,49,19,0,
2015-09-10,43,31,0,
2015-09-11,66,46,0,
2015-09-12,47,32,0,
2015-09-13,53,22,0,
2015-09-14,42,28,0,
2015-09-15,51,28,0,
2015-09-16,119,53,1,DíaIndependencia
2015-09-17,63,41,0,
2015-09-18,61,28,0,
2015-09-19,42,29,0,
2015-09-20,47,28,0,
2015-09-21,57,40,0,
2015-09-22,62,33,0,
2015-09-23,49,25,0,
2015-09-24,51,22,0,
2015-09-25,53,40,0,
2015-09-26,42,22,0,
2015-09-27,54,26,0,
2015-09-28,56,38,0,
2015-09-29,55,37,0,
2015-09-30,41,29,0,
2015-10-01,52,27,0,
2015-10-02,52,37,0,
2015-10-03,50,21,0,
2015-10-04,41,24,0,
2015-10-05,50,28,0,
2015-10-06,32,14,0,
2015-10-07,49,29,0,
2015-10-08,53,37,0,
2015-10-09,46,22,0,
2015-10-10,55,37,0,
2015-10-11,31,24,0,
2015-10-12,54,27,0,
2015-10-13,53,23,0,
2015-10-14,55,23,0,
2015-10-15,44,30,0,
2015-10-16,60,27,0,
2015-10-17,47,19,0,
2015-10-18,44,26,0,
2015-10-19,52,21,0,
2015-10-20,50,20,0,
2015-10-21,55,30,0,
2015-10-22,56,43,0,
2015-10-23,57,30,0,
2015-10-24,46,23,0,
2015-10-25,41,30,0,
2015-10-26,65,50,0,
2015-10-27,45,27,0,
2015-10-28,52,40,0,
2015-10-29,51,34,0,
2015-10-30,50,33,0,
2015-10-31,50,33,0,
2015-11-01,36,17,0,
2015-11-02,98,44,1,DíaMuertos
2015-11-03,44,22,0,
2015-11-04,46,30,0,
2015-11-05,59,29,0,
2015-11-06,54,41,0,
2015-11-07,61,28,0,
2015-11-08,50,31,0,
2015-11-09,47,30,0,
2015-11-10,40,31,0,
2015-11-11,67,51,0,
2015-11-12,41,22,0,
2015-11-13,41,28,0,
2015-11-14,49,34,0,
2015-11-15,42,25,0,
2015-11-16,43,22,0,
2015-11-17,49,29,0,
2015-11-18,44,27,0,
2015-11-19,37,15,0,
2015-11-20,101,59,1,RevoluciónMexicana
2015-11-21,60,44,0,
2015-11-22,47,24,0,
2015-11-23,60,40,0,
2015-11-24,49,36,0,
2015-11-25,57,44,0,
2015-11-26,49,32,0,
2015-11-27,62,32,0,
2015-11-28,64,37,0,
2015-11-29,44,20,0,
2015-11-30,45,32,0,
2015-12-01,55,36,0,
2015-12-02,39,28,0,
2015-12-03,49,21,0,
2015-12-04,45,28,0,
2015-12-05,55,22,0,
2015-12-06,50,30,0,
2015-12-07,46,31,0,
2015-12-08,48,29,0,
2015-12-09,47,36,0,
2015-12-10,59,44,0,
2015-12-11,42,22,0,
2015-12-12,54,22,0,
2015-12-13,44,24,0,
2015-12-14,50,29,0,
2015-12-15,51,24,0,
2015-12-16,55,31,0,
2015-12-17,38,15,0,
2015-12-18,54,26,0,
2015-12-19,52,33,0,
2015-12-20,53,37,0,
2015-12-21,56,42,0,
2015-12-22,56,43,0,
2015-12-23,52,35,0,
2015-12-24,67,40,0,
2015-12-25,133,105,1,Navidad
2015-12-26,58,41,0,
2015-12-27,44,19,0,
2015-12-28,63,38,0,
2015-12-29,46,27,0,
2015-12-30,53,37,0,
2015-12-31,54,41,0,
2016-01-01,115,79,1,AñoNuevo
2016-01-02,56,37,0,
2016-01-03,58,44,0,
2016-01-04,46,27,0,
2016-01-05,60,45,0,
2016-01-06,48,27,0,
2016-01-07,56,42,0,
2016-01-08,49,30,0,
2016-01-09,60,40,0,
2016-01-10,45,34,0,
2016-01-11,47,24,0,
2016-01-12,47,26,0,
2016-01-13,47,27,0,
2016-01-14,46,30,0,
2016-01-15,32,16,0,
2016-01-16,47,36,0,
2016-01-17,45,35,0,
2016-01-18,49,25,0,
2016-01-19,46,33,0,
2016-01-20,54,38,0,
2016-01-21,60,28,0,
2016-01-22,52,32,0,
2016-01-23,48,30,0,
2016-01-24,59,28,0,
2016-01-25,50,29,0,
2016-01-26,45,21,0,
2016-01-27,45,31,0,
2016-01-28,47,30,0,
2016-01-29,41,16,0,
2016-01-30,44,24,0,
2016-01-31,46,27,0,
2016-02-01,65,49,0,
2016-02-02,45,29,0,
2016-02-03,41,25,0,
2016-02-04,53,24,0,
2016-02-05,139,87,1,DíaConstitución
2016-02-06,44,33,0,
2016-02-07,52,29,0,
2016-02-08,45,25,0,
2016-02-09,53,32,0,
2016-02-10,50,30,0,
2016-02-11,59,45,0,
2016-02-12,50,30,0,
2016-02-13,51,37,0,
2016-02-14,59,33,0,
2016-02-15,52,23,0,
2016-02-16,54,26,0,
2016-02-17,55,33,0,
2016-02-18,58,33,0,
2016-02-19,61,44,0,
2016-02-20,54,29,0,
2016-02-21,54,37,0,
2016-02-22,53,32,0,
2016-02-23,49,28,0,
2016-02-24,54,41,0,
2016-02-25,52,30,0,
2016-02-26,48,36,0,
2016-02-27,47,29,0,
2016-02-28,60,41,0,
2016-02-29,46,28,0,
2016-03-01,50,35,0,
2016-03-02,46,25,0,
2016-03-03,52,35,0,
2016-03-04,51,35,0,
2016-03-05,42,18,0,
2016-03-06,42,29,0,
2016-03-07,67,33,0,
2016-03-08,63,49,0,
2016-03-09,54,34,0,
2016-03-10,56,42,0,
2016-03-11,53,23,0,
2016-03-12,37,15,0,
2016-03-13,54,34,0,
2016-03-14,38,27,0,
2016-03-15,51,32,0,
2016-03-16,55,31,0,
2016-03-17,48,22,0,
2016-03-18,46,23,0,
2016-03-19,43,18,0,
2016-03-20,44,31,0,
2016-03-21,147,65,1,BenitoJuárez
2016-03-22,32,16,0,
2016-03-23,36,26,0,
2016-03-24,39,22,0,
2016-03-25,122,56,1,SemanaSanta
2016-03-26,51,35,0,
2016-03-27,60,47,0,
2016-03-28,65,26,0,
2016-03-29,58,41,0,
2016-03-30,55,24,0,
2016-03-31,61,42,0,
2016-04-01,47,34,0,
2016-04-02,55,22,0,
2016-04-03,45,29,0,
2016-04-04,64,32,0,
2016-04-05,53,22,0,
2016-04-06,45,33,0,
2016-04-07,34,22,0,
2016-04-08,50,35,0,
2016-04-09,53,36,0,
2016-04-10,53,34,0,
2016-04-11,51,22,0,
2016-04-12,33,21,0,
2016-04-13,47,35,0,
2016-04-14,59,27,0,
2016-04-15,60,45,0,
2016-04-16,60,40,0,
2016-04-17,59,32,0,
2016-04-18,47,25,0,
2016-04-19,40,24,0,
2016-04-20,44,24,0,
2016-04-21,54,31,0,
2016-04-22,51,33,0,
2016-04-23,49,19,0,
2016-04-24,45,18,0,
2016-04-25,53,36,0,
2016-04-26,51,25,0,
2016-04-27,47,26,0,
2016-04-28,50,28,0,
2016-04-29,51,31,0,
2016-04-30,60,47,0,
2016-05-01,44,25,0,
2016-05-02,57,35,0,
2016-05-03,48,38,0,
2016-05-04,47,21,0,
2016-05-05,43,34,0,
2016-05-06,51,29,0,
2016-05-07,52,31,0,
2016-05-08,54,41,0,
2016-05-09,56,30,0,
2016-05-10,134,87,1,DíaMadre
2016-05-11,61,35,0,
2016-05-12,54,38,0,
2016-05-13,45,31,0,
2016-05-14,70,52,0,
2016-05-15,44,19,0,
2016-05-16,40,24,0,
2016-05-17,63,42,0,
2016-05-18,42,31,0,
2016-05-19,48,30,0,
2016-05-20,51,22,0,
2016-05-21,56,25,0,
2016-05-22,54,31,0,
2016-05-23,58,29,0,
2016-05-24,45,29,0,
2016-05-25,42,22,0,
2016-05-26,71,54,0,
2016-05-27,54,31,0,
2016-05-28,50,25,0,
2016-05-29,46,27,0,
2016-05-30,47,18,0,
2016-05-31,37,18,0,
2016-06-01,33,15,0,
2016-06-02,51,27,0,
2016-06-03,60,26,0,
2016-06-04,43,24,0,
2016-06-05,54,24,0,
2016-06-06,48,19,0,
2016-06-07,55,31,0,
2016-06-08,52,35,0,
2016-06-09,48,37,0,
2016-06-10,56,29,0,
2016-06-11,68,29,0,
2016-06-12,59,45,0,
2016-06-13,50,22,0,
2016-06-14,46,19,0,
2016-06-15,49,38,0,
2016-06-16,62,42,0,
2016-06-17,50,30,0,
2016-06-18,45,27,0,
2016-06-19,97,64,1,DíaPadre
2016-06-20,37,27,0,
2016-06-21,42,19,0,
2016-06-22,54,39,0,
2016-06-23,62,48,0,
2016-06-24,40,25,0,
2016-06-25,41,25,0,
2016-06-26,53,33,0,
2016-06-27,38,29,0,
2016-06-28,45,20,0,
2016-06-29,44,28,0,
2016-06-30,48,33,0,
2016-07-01,49,28,0,
2016-07-02,49,31,0,
2016-07-03,53,32,0,
2016-07-04,55,29,0,
2016-07-05,49,23,0,
2016-07-06,48,30,0,
2016-07-07,44,18,0,
2016-07-08,59,41,0,
2016-07-09,63,29,0,
2016-07-10,47,18,0,
2016-07-11,59,35,0,
2016-07-12,54,38,0,
2016-07-13,59,34,0,
2016-07-14,37,19,0,
2016-07-15,51,34,0,
2016-07-16,53,28,0,
2016-07-17,47,28,0,
2016-07-18,38,23,0,
2016-07-19,55,41,0,
2016-07-20,46,24,0,
2016-07-21,65,47,0,
2016-07-22,56,27,0,
2016-07-23,53,31,0,
2016-07-24,46,34,0,
2016-07-25,54,31,0,
2016-07-26,57,41,0,
2016-07-27,53,34,0,
2016-07-28,62,25,0,
2016-07-29,46,28,0,
2016-07-30,44,20,0,
2016-07-31,56,40,0,
2016-08-01,49,33,0,
2016-08-02,47,20,0,
2016-08-03,58,24,0,
2016-08-04,45,28,0,
2016-08-05,48,24,0,
2016-08-06,38,20,0,
2016-08-07,56,44,0,
2016-08-08,45,25,0,
2016-08-09,52,29,0,
2016-08-10,53,41,0,
2016-08-11,40,16,0,
2016-08-12,50,32,0,
2016-08-13,50,36,0,
2016-08-14,53,39,0,
2016-08-15,47,28,0,
2016-08-16,42,27,0,
2016-08-17,54,41,0,
2016-08-18,43,24,0,
2016-08-19,47,32,0,
2016-08-20,58,26,0,
2016-08-21,57,34,0,
2016-08-22,50,34,0,
2016-08-23,50,30,0,
2016-08-24,55,26,0,
2016-08-25,53,34,0,
2016-08-26,47,33,0,
2016-08-27,58,23,0,
2016-08-28,61,43,0,
2016-08-29,45,29,0,
2016-08-30,51,36,0,
2016-08-31,72,33,0,
2016-09-01,42,23,0,
2016-09-02,54,34,0,
2016-09-03,43,32,0,
2016-09-04,52,31,0,
2016-09-05,49,36,0,
2016-09-06,46,29,0,
2016-09-07,45,29,0,
2016-09-08,44,18,0,
2016-09-09,42,25,0,
2016-09-10,35,14,0,
2016-09-11,48,37,0,
2016-09-12,44,24,0,
2016-09-13,67,32,0,
2016-09-14,61,33,0,
2016-09-15,53,29,0,
2016-09-16,141,95,1,DíaIndependencia
2016-09-17,55,25,0,
2016-09-18,45,32,0,
2016-09-19,60,42,0,
2016-09-20,58,38,0,
2016-09-21,49,34,0,
2016-09-22,48,28,0,
2016-09-23,60,31,0,
2016-09-24,70,37,0,
2016-09-25,54,27,0,
2016-09-26,53,32,0,
2016-09-27,62,47,0,
2016-09-28,35,24,0,
2016-09-29,56,33,0,
2016-09-30,66,40,0,
2016-10-01,43,31,0,
2016-10-02,54,33,0,
2016-10-03,47,20,0,
2016-10-04,40,29,0,
2016-10-05,52,36,0,
2016-10-06,53,42,0,
2016-10-07,47,23,0,
2016-10-08,43,23,0,
2016-10-09,47,23,0,
2016-10-10,49,21,0,
2016-10-11,43,33,0,
2016-10-12,59,46,0,
2016-10-13,49,33,0,
2016-10-14,43,21,0,
2016-10-15,53,38,0,
2016-10-16,62,28,0,
2016-10-17,58,43,0,
2016-10-18,36,18,0,
2016-10-19,52,24,0,
2016-10-20,59,33,0,
2016-10-21,56,35,0,
2016-10-22,48,33,0,
2016-10-23,47,34,0,
2016-10-24,56,28,0,
2016-10-25,39,19,0,
2016-10-26,46,29,0,
2016-10-27,58,33,0,
2016-10-28,50,22,0,
2016-10-29,43,18,0,
2016-10-30,55,33,0,
2016-10-31,57,35,0,
2016-11-01,57,28,0,
2016-11-02,150,102,1,DíaMuertos
2016-11-03,52,26,0,
2016-11-04,38,28,0,
2016-11-05,43,25,0,
2016-11-06,48,20,0,
2016-11-07,50,35,0,
2016-11-08,48,22,0,
2016-11-09,48,24,0,
2016-11-10,46,31,0,
2016-11-11,49,28,0,
2016-11-12,48,35,0,
2016-11-13,60,42,0,
2016-11-14,67,50,0,
2016-11-15,46,27,0,
2016-11-16,54,25,0,
2016-11-17,48,26,0,
2016-11-18,49,22,0,
2016-11-19,49,36,0,
2016-11-20,126,53,1,RevoluciónMexicana
2016-11-21,44,28,0,
2016-11-22,53,40,0,
2016-11-23,52,23,0,
2016-11-24,43,19,0,
2016-11-25,50,37,0,
2016-11-26,50,20,0,
2016-11-27,63,44,0,
2016-11-28,48,20,0,
2016-11-29,53,39,0,
2016-11-30,52,23,0,
2016-12-01,36,25,0,
2016-12-02,49,33,0,
2016-12-03,57,42,0,
2016-12-04,53,41,0,
2016-12-05,54,36,0,
2016-12-06,49,32,0,
2016-12-07,57,38,0,
2016-12-08,66,33,0,
2016-12-09,51,30,0,
2016-12-10,46,18,0,
2016-12-11,69,39,0,
2016-12-12,53,33,0,
2016-12-13,49,24,0,
2016-12-14,52,29,0,
2016-12-15,49,24,0,
2016-12-16,48,26,0,
2016-12-17,48,29,0,
2016-12-18,45,27,0,
2016-12-19,36,15,0,
2016-12-20,61,45,0,
2016-12-21,58,26,0,
2016-12-22,54,30,0,
2016-12-23,55,42,0,
2016-12-24,61,34,0,
2016-12-25,124,80,1,Navidad
2016-12-26,57,32,0,
2016-12-27,54,35,0,
2016-12-28,55,42,0,
2016-12-29,46,20,0,
2016-12-30,49,24,0,
2016-12-31,47,24,0,
2017-01-01,125,67,1,AñoNuevo
2017-01-02,59,44,0,
2017-01-03,47,26,0,
2017-01-04,47,34,0,
2017-01-05,51,33,0,
2017-01-06,49,38,0,
2017-01-07,43,33,0,
2017-01-08,53,41,0,
2017-01-09,46,22,0,
2017-01-10,52,33,0,
2017-01-11,57,36,0,
2017-01-12,39,17,0,
2017-01-13,50,22,0,
2017-01-14,37,25,0,
2017-01-15,40,26,0,
2017-01-16,52,30,0,
2017-01-17,61,33,0,
2017-01-18,47,32,0,
2017-01-19,46,20,0,
2017-01-20,64,42,0,
2017-01-21,44,23,0,
2017-01-22,43,30,0,
2017-01-23,60,47,0,
2017-01-24,45,20,0,
2017-01-25,50,27,0,
2017-01-26,46,25,0,
2017-01-27,41,19,0,
2017-01-28,45,26,0,
2017-01-29,50,29,0,
2017-01-30,36,17,0,
2017-01-31,52,41,0,
2017-02-01,62,32,0,
2017-02-02,41,27,0,
2017-02-03,40,26,0,
2017-02-04,44,20,0,
2017-02-05,142,72,1,DíaConstitución
2017-02-06,44,31,0,
2017-02-07,48,34,0,
2017-02-08,38,25,0,
2017-02-09,63,28,0,
2017-02-10,42,22,0,
2017-02-11,38,19,0,
2017-02-12,43,33,0,
2017-02-13,57,28,0,
2017-02-14,41,19,0,
2017-02-15,36,16,0,
2017-02-16,33,24,0,
2017-02-17,58,36,0,
2017-02-18,45,35,0,
2017-02-19,51,31,0,
2017-02-20,55,42,0,
2017-02-21,52,27,0,
2017-02-22,65,26,0,
2017-02-23,60,38,0,
2017-02-24,48,27,0,
2017-02-25,51,33,0,
2017-02-26,52,37,0,
2017-02-27,46,36,0,
2017-02-28,45,33,0,
2017-03-01,46,19,0,
2017-03-02,52,38,0,
2017-03-03,61,40,0,
2017-03-04,51,38,0,
2017-03-05,46,31,0,
2017-03-06,44,21,0,
2017-03-07,46,30,0,
2017-03-08,54,34,0,
2017-03-09,66,29,0,
2017-03-10,45,31,0,
2017-03-11,62,47,0,
2017-03-12,54,34,0,
2017-03-13,51,29,0,
2017-03-14,51,21,0,
2017-03-15,46,24,0,
2017-03-16,49,35,0,
2017-03-17,54,30,0,
2017-03-18,58,25,0,
2017-03-19,41,32,0,
2017-03-20,48,24,0,
2017-03-21,135,100,1,BenitoJuárez
2017-03-22,37,15,0,
2017-03-23,47,25,0,
2017-03-24,58,43,0,
2017-03-25,62,35,0,
2017-03-26,53,37,0,
2017-03-27,51,34,0,
2017-03-28,52,21,0,
2017-03-29,63,44,0,
2017-03-30,49,21,0,
2017-03-31,54,29,0,
2017-04-01,41,16,0,
2017-04-02,56,40,0,
2017-04-03,46,28,0,
2017-04-04,53,37,0,
2017-04-05,61,44,0,
2017-04-06,49,20,0,
2017-04-07,52,25,0,
2017-04-08,50,22,0,
2017-04-09,50,26,0,
2017-04-10,66,34,0,
2017-04-11,35,14,0,
2017-04-12,55,43,0,
2017-04-13,48,24,0,
2017-04-14,106,48,1,SemanaSanta
2017-04-15,43,27,0,
2017-04-16,60,46,0,
2017-04-17,53,26,0,
2017-04-18,54,35,0,
2017-04-19,57,34,0,
2017-04-20,56,40,0,
2017-04-21,56,30,0,
2017-04-22,55,31,0,
2017-04-23,48,33,0,
2017-04-24,44,24,0,
2017-04-25,54,29,0,
2017-04-26,47,26,0,
2017-04-27,48,34,0,
2017-04-28,48,27,0,
2017-04-29,44,28,0,
2017-04-30,45,32,0,
2017-05-01,61,30,0,
2017-05-02,38,24,0,
2017-05-03,53,26,0,
2017-05-04,51,34,0,
2017-05-05,50,21,0,
2017-05-06,62,25,0,
2017-05-07,52,22,0,
2017-05-08,52,28,0,
2017-05-09,47,28,0,
2017-05-10,109,77,1,DíaMadre
2017-05-11,53,29,0,
2017-05-12,41,19,0,
2017-05-13,51,25,0,
2017-05-14,53,37,0,
2017-05-15,53,39,0,
2017-05-16,48,30,0,
2017-05-17,43,30,0,
2017-05-18,46,22,0,
2017-05-19,48,24,0,
2017-05-20,51,30,0,
2017-05-21,38,27,0,
2017-05-22,56,23,0,
2017-05-23,39,16,0,
2017-05-24,59,31,0,
2017-05-25,51,31,0,
2017-05-26,44,19,0,
2017-05-27,45,20,0,
2017-05-28,47,21,0,
2017-05-29,54,41,0,
2017-05-30,43,32,0,
2017-05-31,37,21,0,
2017-06-01,56,44,0,
2017-06-02,39,22,0,
2017-06-03,51,37,0,
2017-06-04,47,29,0,
2017-06-05,53,27,0,
2017-06-06,46,31,0,
2017-06-07,41,21,0,
2017-06-08,67,48,0,
2017-06-09,50,33,0,
2017-06-10,59,25,0,
2017-06-11,65,28,0,
2017-06-12,46,35,0,
2017-06-13,52,28,0,
2017-06-14,42,26,0,
2017-06-15,41,17,0,
2017-06-16,57,27,0,
2017-06-17,52,34,0,
2017-06-18,113,73,1,DíaPadre
2017-06-19,45,22,0,
2017-06-20,59,37,0,
2017-06-21,53,23,0,
2017-06-22,50,31,0,
2017-06-23,64,27,0,
2017-06-24,49,20,0,
2017-06-25,53,32,0,
2017-06-26,44,19,0,
2017-06-27,52,28,0,
2017-06-28,44,24,0,
2017-06-29,63,44,0,
2017-06-30,47,35,0,
2017-07-01,53,22,0,
2017-07-02,58,34,0,
2017-07-03,55,40,0,
2017-07-04,46,35,0,
2017-07-05,62,25,0,
2017-07-06,43,21,0,
2017-07-07,70,29,0,
2017-07-08,43,26,0,
2017-07-09,44,19,0,
2017-07-10,53,40,0,
2017-07-11,67,42,0,
2017-07-12,54,34,0,
2017-07-13,50,33,0,
2017-07-14,47,21,0,
2017-07-15,49,38,0,
2017-07-16,45,20,0,
2017-07-17,57,44,0,
2017-07-18,46,29,0,
2017-07-19,44,18,0,
2017-07-20,56,41,0,
2017-07-21,48,31,0,
2017-07-22,54,25,0,
2017-07-23,47,30,0,
2017-07-24,42,16,0,
2017-07-25,53,22,0,
2017-07-26,50,25,0,
2017-07-27,52,38,0,
2017-07-28,51,28,0,
2017-07-29,49,26,0,
2017-07-30,40,28,0,
2017-07-31,52,33,0,
2017-08-01,62,29,0,
2017-08-02,61,33,0,
2017-08-03,39,25,0,
2017-08-04,52,37,0,
2017-08-05,44,32,0,
2017-08-06,42,28,0,
2017-08-07,53,30,0,
2017-08-08,53,24,0,
2017-08-09,41,30,0,
2017-08-10,44,23,0,
2017-08-11,38,20,0,
2017-08-12,51,21,0,
2017-08-13,50,34,0,
2017-08-14,54,38,0,
2017-08-15,57,41,0,
2017-08-16,53,27,0,
2017-08-17,50,25,0,
2017-08-18,51,21,0,
2017-08-19,46,21,0,
2017-08-20,45,25,0,
2017-08-21,41,29,0,
2017-08-22,66,51,0,
2017-08-23,37,27,0,
2017-08-24,46,18,0,
2017-08-25,48,29,0,
2017-08-26,52,30,0,
2017-08-27,50,36,0,
2017-08-28,49,33,0,
2017-08-29,50,38,0,
2017-08-30,55,31,0,
2017-08-31,50,31,0,
2017-09-01,58,33,0,
2017-09-02,45,33,0,
2017-09-03,52,28,0,
2017-09-04,64,41,0,
2017-09-05,53,36,0,
2017-09-06,66,39,0,
2017-09-07,50,27,0,
2017-09-08,46,30,0,
2017-09-09,44,18,0,
2017-09-10,48,33,0,
2017-09-11,42,21,0,
2017-09-12,43,29,0,
2017-09-13,44,19,0,
2017-09-14,64,35,0,
2017-09-15,57,27,0,
2017-09-16,127,66,1,DíaIndependencia
2017-09-17,37,29,0,
2017-09-18,45,20,0,
2017-09-19,54,32,0,
2017-09-20,55,31,0,
2017-09-21,44,27,0,
2017-09-22,45,33,0,
2017-09-23,61,44,0,
2017-09-24,50,33,0,
2017-09-25,54,29,0,
2017-09-26,58,36,0,
2017-09-27,61,34,0,
2017-09-28,48,34,0,
2017-09-29,38,23,0,
2017-09-30,52,28,0,
2017-10-01,55,36,0,
2017-10-02,55,42,0,
2017-10-03,62,32,0,
2017-10-04,48,34,0,
2017-10-05,52,37,0,
2017-10-06,52,24,0,
2017-10-07,38,22,0,
2017-10-08,56,31,0,
2017-10-09,46,18,0,
2017-10-10,54,21,0,
2017-10-11,48,34,0,
2017-10-12,60,27,0,
2017-10-13,48,29,0,
2017-10-14,56,26,0,
2017-10-15,48,35,0,
2017-10-16,45,35,0,
2017-10-17,48,31,0,
2017-10-18,46,29,0,
2017-10-19,48,37,0,
2017-10-20,67,38,0,
2017-10-21,45,25,0,
2017-10-22,47,29,0,
2017-10-23,54,33,0,
2017-10-24,52,39,0,
2017-10-25,45,19,0,
2017-10-26,59,35,0,
2017-10-27,51,39,0,
2017-10-28,43,29,0,
2017-10-29,45,33,0,
2017-10-30,42,31,0,
2017-10-31,48,30,0,
2017-11-01,46,20,0,
2017-11-02,134,83,1,DíaMuertos
2017-11-03,58,25,0,
2017-11-04,53,33,0,
2017-11-05,55,28,0,
2017-11-06,47,22,0,
2017-11-07,52,36,0,
2017-11-08,60,47,0,
2017-11-09,34,14,0,
2017-11-10,62,41,0,
2017-11-11,51,28,0,
2017-11-12,44,31,0,
2017-11-13,45,19,0,
2017-11-14,54,35,0,
2017-11-15,48,23,0,
2017-11-16,48,21,0,
2017-11-17,63,28,0,
2017-11-18,60,40,0,
2017-11-19,48,21,0,
2017-11-20,118,90,1,RevoluciónMexicana
2017-11-21,49,23,0,
2017-11-22,46,31,0,
2017-11-23,52,37,0,
2017-11-24,45,33,0,
2017-11-25,42,31,0,
2017-11-26,49,24,0,
2017-11-27,59,40,0,
2017-11-28,56,42,0,
2017-11-29,60,39,0,
2017-11-30,46,31,0,
2017-12-01,52,24,0,
2017-12-02,53,31,0,
2017-12-03,61,34,0,
2017-12-04,38,15,0,
2017-12-05,48,19,0,
2017-12-06,47,37,0,
2017-12-07,57,37,0,
2017-12-08,52,23,0,
2017-12-09,44,25,0,
2017-12-10,40,31,0,
2017-12-11,62,36,0,
2017-12-12,56,43,0,
2017-12-13,41,18,0,
2017-12-14,56,29,0,
2017-12-15,50,24,0,
2017-12-16,46,26,0,
2017-12-17,42,23,0,
2017-12-18,46,27,0,
2017-12-19,46,22,0,
2017-12-20,59,47,0,
2017-12-21,55,22,0,
2017-12-22,43,18,0,
2017-12-23,49,28,0,
2017-12-24,40,21,0,
2017-12-25,90,57,1,Navidad
2017-12-26,56,26,0,
2017-12-27,56,42,0,
2017-12-28,52,34,0,
2017-12-29,53,24,0,
2017-12-30,48,24,0,
2017-12-31,50,24,0,
2018-01-01,80,49,1,AñoNuevo
2018-01-02,48,24,0,
2018-01-03,56,38,0,
2018-01-04,53,33,0,
2018-01-05,44,34,0,
2018-01-06,50,34,0,
2018-01-07,48,26,0,
2018-01-08,42,31,0,
2018-01-09,39,28,0,
2018-01-10,52,33,0,
2018-01-11,50,31,0,
2018-01-12,49,26,0,
2018-01-13,55,26,0,
2018-01-14,53,21,0,
2018-01-15,55,28,0,
2018-01-16,38,17,0,
2018-01-17,56,44,0,
2018-01-18,46,30,0,
2018-01-19,73,31,0,
2018-01-20,55,27,0,
2018-01-21,58,34,0,
2018-01-22,56,35,0,
2018-01-23,53,25,0,
2018-01-24,44,22,0,
2018-01-25,54,30,0,
2018-01-26,45,19,0,
2018-01-27,35,23,0,
2018-01-28,50,32,0,
2018-01-29,48,27,0,
2018-01-30,48,22,0,
2018-01-31,45,21,0,
2018-02-01,49,20,0,
2018-02-02,50,22,0,
2018-02-03,48,20,0,
2018-02-04,42,22,0,
2018-02-05,77,50,1,DíaConstitución
2018-02-06,47,21,0,
2018-02-07,43,17,0,
2018-02-08,44,31,0,
2018-02-09,40,27,0,
2018-02-10,42,29,0,
2018-02-11,40,28,0,
2018-02-12,49,30,0,
2018-02-13,55,42,0,
2018-02-14,48,30,0,
2018-02-15,49,25,0,
2018-02-16,47,21,0,
2018-02-17,60,24,0,
2018-02-18,58,42,0,
2018-02-19,56,34,0,
2018-02-20,46,22,0,
2018-02-21,48,24,0,
2018-02-22,61,40,0,
2018-02-23,42,29,0,
2018-02-24,51,35,0,
2018-02-25,51,39,0,
2018-02-26,55,28,0,
2018-02-27,47,23,0,
2018-02-28,54,35,0,
2018-03-01,57,23,0,
2018-03-02,58,33,0,
2018-03-03,57,34,0,
2018-03-04,54,34,0,
2018-03-05,45,21,0,
2018-03-06,58,30,0,
2018-03-07,56,42,0,
2018-03-08,39,26,0,
2018-03-09,39,27,0,
2018-03-10,38,26,0,
2018-03-11,42,24,0,
2018-03-12,51,20,0,
2018-03-13,48,20,0,
2018-03-14,54,24,0,
2018-03-15,51,38,0,
2018-03-16,45,27,0,
2018-03-17,61,35,0,
2018-03-18,59,23,0,
2018-03-19,56,41,0,
2018-03-20,45,34,0,
2018-03-21,129,61,1,BenitoJuárez
2018-03-22,58,45,0,
2018-03-23,47,22,0,
2018-03-24,46,34,0,
2018-03-25,47,34,0,
2018-03-26,51,31,0,
2018-03-27,52,20,0,
2018-03-28,56,36,0,
2018-03-29,56,38,0,
2018-03-30,137,74,1,SemanaSanta
2018-03-31,66,26,0,
2018-04-01,50,32,0,
2018-04-02,48,26,0,
2018-04-03,46,27,0,
2018-04-04,61,43,0,
2018-04-05,48,24,0,
2018-04-06,47,22,0,
2018-04-07,42,22,0,
2018-04-08,44,27,0,
2018-04-09,40,17,0,
2018-04-10,43,18,0,
2018-04-11,66,47,0,
2018-04-12,50,36,0,
2018-04-13,34,27,0,
2018-04-14,47,27,0,
2018-04-15,56,39,0,
2018-04-16,43,29,0,
2018-04-17,44,25,0,
2018-04-18,53,26,0,
2018-04-19,45,18,0,
2018-04-20,56,35,0,
2018-04-21,47,30,0,
2018-04-22,51,37,0,
2018-04-23,56,38,0,
2018-04-24,53,30,0,
2018-04-25,48,23,0,
2018-04-26,52,30,0,
2018-04-27,65,29,0,
2018-04-28,43,30,0,
2018-04-29,38,22,0,
2018-04-30,61,42,0,
2018-05-01,52,24,0,
2018-05-02,44,27,0,
2018-05-03,52,36,0,
2018-05-04,60,29,0,
2018-05-05,51,22,0,
2018-05-06,51,35,0,
2018-05-07,45,31,0,
2018-05-08,50,32,0,
2018-05-09,63,43,0,
2018-05-10,136,98,1,DíaMadre
2018-05-11,47,34,0,
2018-05-12,39,24,0,
2018-05-13,53,31,0,
2018-05-14,55,31,0,
2018-05-15,47,28,0,
2018-05-16,54,32,0,
2018-05-17,45,26,0,
2018-05-18,58,39,0,
2018-05-19,51,31,0,
2018-05-20,57,43,0,
2018-05-21,57,30,0,
2018-05-22,49,37,0,
2018-05-23,39,28,0,
2018-05-24,56,40,0,
2018-05-25,47,30,0,
2018-05-26,62,47,0,
2018-05-27,61,43,0,
2018-05-28,51,26,0,
2018-05-29,55,36,0,
2018-05-30,50,36,0,
2018-05-31,45,32,0,
2018-06-01,49,27,0,
2018-06-02,37,25,0,
2018-06-03,55,31,0,
2018-06-04,51,30,0,
2018-06-05,49,25,0,
2018-06-06,49,32,0,
2018-06-07,49,21,0,
2018-06-08,71,37,0,
2018-06-09,44,23,0,
2018-06-10,39,22,0,
2018-06-11,45,28,0,
2018-06-12,50,20,0,
2018-06-13,41,30,0,
2018-06-14,54,40,0,
2018-06-15,61,45,0,
2018-06-16,48,33,0,
2018-06-17,151,66,1,DíaPadre
2018-06-18,57,33,0,
2018-06-19,47,27,0,
2018-06-20,50,28,0,
2018-06-21,54,27,0,
2018-06-22,58,28,0,
2018-06-23,54,42,0,
2018-06-24,55,40,0,
2018-06-25,52,30,0,
2018-06-26,64,33,0,
2018-06-27,49,24,0,
2018-06-28,59,30,0,
2018-06-29,54,21,0,
2018-06-30,48,32,0,
2018-07-01,36,25,0,
2018-07-02,48,30,0,
2018-07-03,51,22,0,
2018-07-04,52,31,0,
2018-07-05,49,37,0,
2018-07-06,41,24,0,
2018-07-07,45,27,0,
2018-07-08,56,35,0,
2018-07-09,48,31,0,
2018-07-10,45,18,0,
2018-07-11,45,19,0,
2018-07-12,53,29,0,
2018-07-13,48,25,0,
2018-07-14,45,20,0,
2018-07-15,45,19,0,
2018-07-16,51,40,0,
2018-07-17,67,34,0,
2018-07-18,50,31,0,
2018-07-19,47,24,0,
2018-07-20,50,37,0,
2018-07-21,53,35,0,
2018-07-22,58,43,0,
2018-07-23,49,21,0,
2018-07-24,58,38,0,
2018-07-25,48,28,0,
2018-07-26,46,30,0,
2018-07-27,39,16,0,
2018-07-28,56,40,0,
2018-07-29,45,31,0,
2018-07-30,41,21,0,
2018-07-31,59,27,0,
2018-08-01,51,30,0,
2018-08-02,54,33,0,
2018-08-03,48,31,0,
2018-08-04,55,41,0,
2018-08-05,50,36,0,
2018-08-06,47,22,0,
2018-08-07,49,31,0,
2018-08-08,48,23,0,
2018-08-09,55,31,0,
2018-08-10,63,42,0,
2018-08-11,51,31,0,
2018-08-12,45,34,0,
2018-08-13,41,23,0,
2018-08-14,54,30,0,
2018-08-15,51,26,0,
2018-08-16,54,23,0,
2018-08-17,54,33,0,
2018-08-18,45,26,0,
2018-08-19,61,46,0,
2018-08-20,51,33,0,
2018-08-21,62,31,0,
2018-08-22,53,22,0,
2018-08-23,43,23,0,
2018-08-24,45,30,0,
2018-08-25,50,36,0,
2018-08-26,58,44,0,
2018-08-27,54,39,0,
2018-08-28,55,41,0,
2018-08-29,53,28,0,
2018-08-30,47,35,0,
2018-08-31,50,23,0,
2018-09-01,55,41,0,
2018-09-02,58,46,0,
2018-09-03,53,24,0,
2018-09-04,51,39,0,
2018-09-05,46,24,0,
2018-09-06,56,26,0,
2018-09-07,44,34,0,
2018-09-08,46,21,0,
2018-09-09,46,27,0,
2018-09-10,58,26,0,
2018-09-11,48,20,0,
2018-09-12,48,34,0,
2018-09-13,48,20,0,
2018-09-14,39,29,0,
2018-09-15,50,22,0,
2018-09-16,85,44,1,DíaIndependencia
2018-09-17,56,40,0,
2018-09-18,53,23,0,
2018-09-19,47,34,0,
2018-09-20,45,19,0,
2018-09-21,43,31,0,
2018-09-22,55,34,0,
2018-09-23,44,30,0,
2018-09-24,48,32,0,
2018-09-25,50,21,0,
2018-09-26,55,39,0,
2018-09-27,51,27,0,
2018-09-28,55,24,0,
2018-09-29,49,33,0,
2018-09-30,56,26,0,
2018-10-01,37,21,0,
2018-10-02,51,35,0,
2018-10-03,58,43,0,
2018-10-04,54,32,0,
2018-10-05,49,35,0,
2018-10-06,52,31,0,
2018-10-07,43,33,0,
2018-10-08,41,21,0,
2018-10-09,45,22,0,
2018-10-10,57,33,0,
2018-10-11,53,41,0,
2018-10-12,53,25,0,
2018-10-13,49,36,0,
2018-10-14,53,35,0,
2018-10-15,42,18,0,
2018-10-16,39,22,0,
2018-10-17,44,24,0,
2018-10-18,58,45,0,
2018-10-19,54,21,0,
2018-10-20,50,20,0,
2018-10-21,39,20,0,
2018-10-22,47,35,0,
2018-10-23,67,41,0,
2018-10-24,44,21,0,
2018-10-25,53,25,0,
2018-10-26,41,20,0,
2018-10-27,46,35,0,
2018-10-28,52,27,0,
2018-10-29,49,24,0,
2018-10-30,43,31,0,
2018-10-31,37,23,0,
2018-11-01,55,24,0,
2018-11-02,127,83,1,DíaMuertos
2018-11-03,47,33,0,
2018-11-04,54,31,0,
2018-11-05,41,31,0,
2018-11-06,45,27,0,
2018-11-07,57,37,0,
2018-11-08,49,33,0,
2018-11-09,41,23,0,
2018-11-10,53,30,0,
2018-11-11,41,21,0,
2018-11-12,45,25,0,
2018-11-13,51,28,0,
2018-11-14,49,32,0,
2018-11-15,45,27,0,
2018-11-16,50,25,0,
2018-11-17,44,29,0,
2018-11-18,59,24,0,
2018-11-19,58,39,0,
2018-11-20,120,94,1,RevoluciónMexicana
2018-11-21,59,28,0,
2018-11-22,57,35,0,
2018-11-23,39,27,0,
2018-11-24,51,25,0,
2018-11-25,57,28,0,
2018-11-26,55,43,0,
2018-11-27,55,23,0,
2018-11-28,50,30,0,
2018-11-29,45,26,0,
2018-11-30,56,39,0,
2018-12-01,64,36,0,
2018-12-02,45,23,0,
2018-12-03,53,29,0,
2018-12-04,56,40,0,
2018-12-05,56,39,0,
2018-12-06,64,36,0,
2018-12-07,51,25,0,
2018-12-08,46,23,0,
2018-12-09,48,37,0,
2018-12-10,46,33,0,
2018-12-11,43,27,0,
2018-12-12,42,27,0,
2018-12-13,50,20,0,
2018-12-14,65,42,0,
2018-12-15,44,30,0,
2018-12-16,57,27,0,
2018-12-17,48,32,0,
2018-12-18,42,19,0,
2018-12-19,58,30,0,
2018-12-20,51,29,0,
2018-12-21,56,38,0,
2018-12-22,45,25,0,
2018-12-23,34,21,0,
2018-12-24,60,47,0,
2018-12-25,92,64,1,Navidad
2018-12-26,64,43,0,
2018-12-27,42,17,0,
2018-12-28,51,22,0,
2018-12-29,59,44,0,
2018-12-30,54,33,0,
2018-12-31,48,26,0,
2019-01-01,140,59,1,AñoNuevo
2019-01-02,62,41,0,
2019-01-03,37,25,0,
2019-01-04,45,30,0,
2019-01-05,46,35,0,
2019-01-06,42,29,0,
2019-01-07,55,27,0,
2019-01-08,54,35,0,
2019-01-09,48,19,0,
2019-01-10,54,36,0,
2019-01-11,67,41,0,
2019-01-12,42,19,0,
2019-01-13,48,33,0,
2019-01-14,50,38,0,
2019-01-15,50,31,0,
2019-01-16,43,19,0,
2019-01-17,48,23,0,
2019-01-18,63,34,0,
2019-01-19,39,20,0,
2019-01-20,61,41,0,
2019-01-21,58,33,0,
2019-01-22,35,22,0,
2019-01-23,46,18,0,
2019-01-24,41,27,0,
2019-01-25,54,31,0,
2019-01-26,55,26,0,
2019-01-27,46,29,0,
2019-01-28,52,36,0,
2019-01-29,51,36,0,
2019-01-30,54,25,0,
2019-01-31,64,45,0,
2019-02-01,46,26,0,
2019-02-02,44,27,0,
2019-02-03,51,36,0,
2019-02-04,53,25,0,
2019-02-05,81,42,1,DíaConstitución
2019-02-06,39,28,0,
2019-02-07,57,38,0,
2019-02-08,48,27,0,
2019-02-09,48,28,0,
2019-02-10,57,39,0,
2019-02-11,47,20,0,
2019-02-12,59,45,0,
2019-02-13,71,32,0,
2019-02-14,38,21,0,
2019-02-15,49,23,0,
2019-02-16,60,31,0,
2019-02-17,41,31,0,
2019-02-18,58,26,0,
2019-02-19,52,38,0,
2019-02-20,49,30,0,
2019-02-21,41,17,0,
2019-02-22,50,21,0,
2019-02-23,52,40,0,
2019-02-24,64,47,0,
2019-02-25,45,32,0,
2019-02-26,42,28,0,
2019-02-27,48,20,0,
2019-02-28,40,26,0,
2019-03-01,46,31,0,
2019-03-02,55,22,0,
2019-03-03,47,22,0,
2019-03-04,56,23,0,
2019-03-05,54,41,0,
2019-03-06,43,29,0,
2019-03-07,56,24,0,
2019-03-08,40,28,0,
2019-03-09,44,32,0,
2019-03-10,49,37,0,
2019-03-11,37,15,0,
2019-03-12,47,24,0,
2019-03-13,47,18,0,
2019-03-14,55,22,0,
2019-03-15,56,23,0,
2019-03-16,58,24,0,
2019-03-17,47,21,0,
2019-03-18,43,17,0,
2019-03-19,42,18,0,
2019-03-20,40,26,0,
2019-03-21,122,61,1,BenitoJuárez
2019-03-22,53,36,0,
2019-03-23,52,22,0,
2019-03-24,45,20,0,
2019-03-25,62,37,0,
2019-03-26,53,23,0,
2019-03-27,49,38,0,
2019-03-28,47,30,0,
2019-03-29,55,42,0,
2019-03-30,43,31,0,
2019-03-31,43,29,0,
2019-04-01,38,23,0,
2019-04-02,43,24,0,
2019-04-03,45,26,0,
2019-04-04,54,38,0,
2019-04-05,40,26,0,
2019-04-06,52,30,0,
2019-04-07,49,30,0,
2019-04-08,53,41,0,
2019-04-09,51,25,0,
2019-04-10,57,41,0,
2019-04-11,45,32,0,
2019-04-12,53,25,0,
2019-04-13,46,32,0,
2019-04-14,53,25,0,
2019-04-15,52,36,0,
2019-04-16,35,14,0,
2019-04-17,53,30,0,
2019-04-18,43,28,0,
2019-04-19,146,110,1,SemanaSanta
2019-04-20,44,21,0,
2019-04-21,49,21,0,
2019-04-22,45,27,0,
2019-04-23,54,22,0,
2019-04-24,58,33,0,
2019-04-25,56,34,0,
2019-04-26,50,23,0,
2019-04-27,57,44,0,
2019-04-28,47,31,0,
2019-04-29,61,45,0,
2019-04-30,55,28,0,
2019-05-01,47,32,0,
2019-05-02,51,29,0,
2019-05-03,56,25,0,
2019-05-04,50,20,0,
2019-05-05,54,23,0,
2019-05-06,55,31,0,
2019-05-07,45,30,0,
2019-05-08,37,27,0,
2019-05-09,55,38,0,
2019-05-10,96,71,1,DíaMadre
2019-05-11,49,28,0,
2019-05-12,51,35,0,
2019-05-13,56,41,0,
2019-05-14,48,28,0,
2019-05-15,50,22,0,
2019-05-16,62,26,0,
2019-05-17,47,30,0,
2019-05-18,49,28,0,
2019-05-19,56,31,0,
2019-05-20,47,34,0,
2019-05-21,55,40,0,
2019-05-22,59,45,0,
2019-05-23,53,35,0,
2019-05-24,53,23,0,
2019-05-25,56,22,0,
2019-05-26,50,26,0,
2019-05-27,54,22,0,
2019-05-28,52,38,0,
2019-05-29,50,26,0,
2019-05-30,43,21,0,
2019-05-31,55,25,0,
2019-06-01,58,44,0,
2019-06-02,43,31,0,
2019-06-03,56,31,0,
2019-06-04,53,34,0,
2019-06-05,50,28,0,
2019-06-06,60,24,0,
2019-06-07,51,36,0,
2019-06-08,44,26,0,
2019-06-09,43,34,0,
2019-06-10,51,25,0,
2019-06-11,48,33,0,
2019-06-12,40,19,0,
2019-06-13,46,20,0,
2019-06-14,54,29,0,
2019-06-15,52,32,0,
2019-06-16,77,36,1,DíaPadre
2019-06-17,46,24,0,
2019-06-18,56,26,0,
2019-06-19,55,42,0,
2019-06-20,55,31,0,
2019-06-21,51,36,0,
2019-06-22,47,25,0,
2019-06-23,56,37,0,
2019-06-24,48,33,0,
2019-06-25,44,34,0,
2019-06-26,50,32,0,
2019-06-27,65,37,0,
2019-06-28,49,38,0,
2019-06-29,54,31,0,
2019-06-30,43,28,0,
2019-07-01,55,31,0,
2019-07-02,55,33,0,
2019-07-03,51,35,0,
2019-07-04,51,33,0,
2019-07-05,53,26,0,
2019-07-06,56,24,0,
2019-07-07,53,28,0,
2019-07-08,36,16,0,
2019-07-09,43,26,0,
2019-07-10,46,23,0,
2019-07-11,37,21,0,
2019-07-12,56,43,0,
2019-07-13,40,22,0,
2019-07-14,49,34,0,
2019-07-15,41,26,0,
2019-07-16,52,41,0,
2019-07-17,48,27,0,
2019-07-18,46,27,0,
2019-07-19,48,32,0,
2019-07-20,62,33,0,
2019-07-21,38,18,0,
2019-07-22,46,30,0,
2019-07-23,50,26,0,
2019-07-24,45,33,0,
2019-07-25,43,32,0,
2019-07-26,53,38,0,
2019-07-27,46,23,0,
2019-07-28,45,18,0,
2019-07-29,43,28,0,
2019-07-30,42,17,0,
2019-07-31,52,27,0,
2019-08-01,53,24,0,
2019-08-02,51,34,0,
2019-08-03,53,37,0,
2019-08-04,35,22,0,
2019-08-05,55,38,0,
2019-08-06,72,52,0,
2019-08-07,47,33,0,
2019-08-08,52,32,0,
2019-08-09,63,31,0,
2019-08-10,51,29,0,
2019-08-11,48,21,0,
2019-08-12,39,28,0,
2019-08-13,39,28,0,
2019-08-14,55,40,0,
2019-08-15,45,35,0,
2019-08-16,66,29,0,
2019-08-17,61,44,0,
2019-08-18,56,27,0,
2019-08-19,41,24,0,
2019-08-20,50,38,0,
2019-08-21,60,30,0,
2019-08-22,48,26,0,
2019-08-23,41,17,0,
2019-08-24,60,39,0,
2019-08-25,53,39,0,
2019-08-26,35,20,0,
2019-08-27,43,32,0,
2019-08-28,47,24,0,
2019-08-29,71,47,0,
2019-08-30,56,23,0,
2019-08-31,52,22,0,
2019-09-01,47,23,0,
2019-09-02,56,31,0,
2019-09-03,63,41,0,
2019-09-04,46,35,0,
2019-09-05,35,14,0,
2019-09-06,53,31,0,
2019-09-07,56,37,0,
2019-09-08,40,26,0,
2019-09-09,59,29,0,
2019-09-10,53,35,0,
2019-09-11,43,26,0,
2019-09-12,45,26,0,
2019-09-13,56,25,0,
2019-09-14,53,32,0,
2019-09-15,44,18,0,
2019-09-16,94,55,1,DíaIndependencia
2019-09-17,38,25,0,
2019-09-18,56,26,0,
2019-09-19,39,30,0,
2019-09-20,67,40,0,
2019-09-21,35,27,0,
2019-09-22,53,24,0,
2019-09-23,52,21,0,
2019-09-24,51,37,0,
2019-09-25,42,23,0,
2019-09-26,43,27,0,
2019-09-27,48,23,0,
2019-09-28,58,34,0,
2019-09-29,64,35,0,
2019-09-30,56,28,0,
2019-10-01,50,25,0,
2019-10-02,60,46,0,
2019-10-03,68,32,0,
2019-10-04,51,24,0,
2019-10-05,51,31,0,
2019-10-06,60,30,0,
2019-10-07,58,35,0,
2019-10-08,54,33,0,
2019-10-09,52,24,0,
2019-10-10,57,39,0,
2019-10-11,50,29,0,
2019-10-12,53,32,0,
2019-10-13,47,26,0,
2019-10-14,58,31,0,
2019-10-15,50,33,0,
2019-10-16,55,26,0,
2019-10-17,51,40,0,
2019-10-18,58,40,0,
2019-10-19,48,27,0,
2019-10-20,52,31,0,
2019-10-21,47,34,0,
2019-10-22,56,30,0,
2019-10-23,46,29,0,
2019-10-24,49,30,0,
2019-10-25,59,45,0,
2019-10-26,35,25,0,
2019-10-27,36,22,0,
2019-10-28,48,21,0,
2019-10-29,48,20,0,
2019-10-30,57,38,0,
2019-10-31,60,43,0,
2019-11-01,50,36,0,
2019-11-02,93,50,1,DíaMuertos
2019-11-03,40,27,0,
2019-11-04,62,30,0,
2019-11-05,47,31,0,
2019-11-06,55,28,0,
2019-11-07,51,20,0,
2019-11-08,45,29,0,
2019-11-09,52,36,0,
2019-11-10,38,27,0,
2019-11-11,52,21,0,
2019-11-12,55,33,0,
2019-11-13,48,37,0,
2019-11-14,43,27,0,
2019-11-15,62,34,0,
2019-11-16,44,34,0,
2019-11-17,43,25,0,
2019-11-18,48,36,0,
2019-11-19,43,24,0,
2019-11-20,106,58,1,RevoluciónMexicana
2019-11-21,41,30,0,
2019-11-22,63,31,0,
2019-11-23,43,27,0,
2019-11-24,44,24,0,
2019-11-25,62,45,0,
2019-11-26,52,38,0,
2019-11-27,57,27,0,
2019-11-28,43,29,0,
2019-11-29,41,20,0,
2019-11-30,60,32,0,
2019-12-01,49,32,0,
2019-12-02,47,32,0,
2019-12-03,59,34,0,
2019-12-04,51,22,0,
2019-12-05,62,43,0,
2019-12-06,41,26,0,
2019-12-07,52,31,0,
2019-12-08,47,19,0,
2019-12-09,44,28,0,
2019-12-10,52,37,0,
2019-12-11,49,37,0,
2019-12-12,49,27,0,
2019-12-13,43,19,0,
2019-12-14,54,41,0,
2019-12-15,46,28,0,
2019-12-16,37,25,0,
2019-12-17,53,30,0,
2019-12-18,61,30,0,
2019-12-19,51,22,0,
2019-12-20,60,44,0,
2019-12-21,42,24,0,
2019-12-22,56,35,0,
2019-12-23,54,31,0,
2019-12-24,48,21,0,
2019-12-25,132,56,1,Navidad
2019-12-26,51,22,0,
2019-12-27,43,32,0,
2019-12-28,42,22,0,
2019-12-29,49,26,0,
2019-12-30,43,25,0,
2019-12-31,48,19,0,
2020-01-01,90,62,1,AñoNuevo
2020-01-02,48,24,0,
2020-01-03,63,49,0,
2020-01-04,53,24,0,
2020-01-05,53,40,0,
2020-01-06,57,30,0,
2020-01-07,54,31,0,
2020-01-08,48,30,0,
2020-01-09,56,35,0,
2020-01-10,58,43,0,
2020-01-11,46,18,0,
2020-01-12,50,24,0,
2020-01-13,48,23,0,
2020-01-14,48,31,0,
2020-01-15,47,24,0,
2020-01-16,49,30,0,
2020-01-17,56,24,0,
2020-01-18,49,26,0,
2020-01-19,41,22,0,
2020-01-20,53,21,0,
2020-01-21,43,24,0,
2020-01-22,54,35,0,
2020-01-23,51,36,0,
2020-01-24,52,30,0,
2020-01-25,51,24,0,
2020-01-26,40,25,0,
2020-01-27,45,23,0,
2020-01-28,48,35,0,
2020-01-29,56,33,0,
2020-01-30,49,34,0,
2020-01-31,55,42,0,
2020-02-01,43,22,0,
2020-02-02,54,36,0,
2020-02-03,40,30,0,
2020-02-04,59,36,0,
2020-02-05,123,78,1,DíaConstitución
2020-02-06,60,37,0,
2020-02-07,58,29,0,
2020-02-08,50,23,0,
2020-02-09,54,40,0,
2020-02-10,51,23,0,
2020-02-11,47,36,0,
2020-02-12,50,25,0,
2020-02-13,38,29,0,
2020-02-14,50,25,0,
2020-02-15,47,36,0,
2020-02-16,49,28,0,
2020-02-17,47,27,0,
2020-02-18,47,28,0,
2020-02-19,50,39,0,
2020-02-20,53,41,0,
2020-02-21,59,34,0,
2020-02-22,36,28,0,
2020-02-23,47,19,0,
2020-02-24,55,24,0,
2020-02-25,42,22,0,
2020-02-26,54,35,0,
2020-02-27,48,19,0,
2020-02-28,52,31,0,
2020-02-29,37,29,0,
2020-03-01,51,36,0,
2020-03-02,53,33,0,
2020-03-03,60,41,0,
2020-03-04,45,27,0,
2020-03-05,39,18,0,
2020-03-06,51,20,0,
2020-03-07,37,22,0,
2020-03-08,44,20,0,
2020-03-09,56,36,0,
2020-03-10,43,19,0,
2020-03-11,42,21,0,
2020-03-12,44,24,0,
2020-03-13,49,20,0,
2020-03-14,51,23,0,
2020-03-15,41,27,0,
2020-03-16,57,37,0,
2020-03-17,42,33,0,
2020-03-18,43,33,0,
2020-03-19,59,32,0,
2020-03-20,55,31,0,
2020-03-21,103,51,1,BenitoJuárez
2020-03-22,35,22,0,
2020-03-23,44,32,0,
2020-03-24,52,21,0,
2020-03-25,34,21,0,
2020-03-26,44,18,0,
2020-03-27,41,28,0,
2020-03-28,46,25,0,
2020-03-29,51,34,0,
2020-03-30,54,36,0,
2020-03-31,43,24,0,
2020-04-01,41,25,0,
2020-04-02,40,18,0,
2020-04-03,54,34,0,
2020-04-04,41,16,0,
2020-04-05,60,27,0,
2020-04-06,49,21,0,
2020-04-07,52,21,0,
2020-04-08,48,21,0,
2020-04-09,54,27,0,
2020-04-10,129,97,1,SemanaSanta
2020-04-11,54,28,0,
2020-04-12,63,25,0,
2020-04-13,64,33,0,
2020-04-14,45,35,0,
2020-04-15,47,19,0,
2020-04-16,48,30,0,
2020-04-17,54,24,0,
2020-04-18,40,20,0,
2020-04-19,45,25,0,
2020-04-20,45,31,0,
2020-04-21,42,22,0,
2020-04-22,56,41,0,
2020-04-23,61,27,0,
2020-04-24,56,25,0,
2020-04-25,51,21,0,
2020-04-26,44,23,0,
2020-04-27,39,21,0,
2020-04-28,52,22,0,
2020-04-29,41,19,0,
2020-04-30,58,28,0,
2020-05-01,53,41,0,
2020-05-02,52,21,0,
2020-05-03,59,41,0,
2020-05-04,64,44,0,
2020-05-05,57,26,0,
2020-05-06,53,34,0,
2020-05-07,56,25,0,
2020-05-08,49,23,0,
2020-05-09,48,32,0,
2020-05-10,131,64,1,DíaMadre
2020-05-11,50,28,0,
2020-05-12,52,38,0,
2020-05-13,45,24,0,
2020-05-14,52,40,0,
2020-05-15,57,42,0,
2020-05-16,41,30,0,
2020-05-17,45,29,0,
2020-05-18,57,27,0,
2020-05-19,55,23,0,
2020-05-20,62,35,0,
2020-05-21,47,37,0,
2020-05-22,53,40,0,
2020-05-23,42,22,0,
2020-05-24,42,28,0,
2020-05-25,47,23,0,
2020-05-26,54,28,0,
2020-05-27,52,39,0,
2020-05-28,36,15,0,
2020-05-29,47,25,0,
2020-05-30,53,40,0,
2020-05-31,42,21,0,
2020-06-01,46,23,0,
2020-06-02,37,26,0,
2020-06-03,44,17,0,
2020-06-04,57,33,0,
2020-06-05,46,30,0,
2020-06-06,53,31,0,
2020-06-07,45,23,0,
2020-06-08,49,20,0,
2020-06-09,67,33,0,
2020-06-10,52,30,0,
2020-06-11,50,33,0,
2020-06-12,52,37,0,
2020-06-13,38,21,0,
2020-06-14,66,37,0,
2020-06-15,44,32,0,
2020-06-16,58,24,0,
2020-06-17,48,37,0,
2020-06-18,40,18,0,
2020-06-19,54,37,0,
2020-06-20,43,21,0,
2020-06-21,88,65,1,DíaPadre
2020-06-22,49,33,0,
2020-06-23,54,24,0,
2020-06-24,50,39,0,
2020-06-25,70,33,0,
2020-06-26,48,26,0,
2020-06-27,38,27,0,
2020-06-28,54,36,0,
2020-06-29,50,39,0,
2020-06-30,64,41,0,
2020-07-01,51,26,0,
2020-07-02,52,40,0,
2020-07-03,56,30,0,
2020-07-04,52,27,0,
2020-07-05,52,35,0,
2020-07-06,58,37,0,
2020-07-07,56,29,0,
2020-07-08,36,26,0,
2020-07-09,57,30,0,
2020-07-10,48,25,0,
2020-07-11,51,22,0,
2020-07-12,47,34,0,
2020-07-13,43,24,0,
2020-07-14,44,29,0,
2020-07-15,45,19,0,
2020-07-16,53,34,0,
2020-07-17,41,18,0,
2020-07-18,56,43,0,
2020-07-19,54,41,0,
2020-07-20,44,28,0,
2020-07-21,62,25,0,
2020-07-22,39,29,0,
2020-07-23,45,25,0,
2020-07-24,50,35,0,
2020-07-25,61,35,0,
2020-07-26,46,21,0,
2020-07-27,56,32,0,
2020-07-28,46,30,0,
2020-07-29,47,21,0,
2020-07-30,62,29,0,
2020-07-31,51,34,0,
2020-08-01,54,23,0,
2020-08-02,49,25,0,
2020-08-03,54,43,0,
2020-08-04,49,21,0,
2020-08-05,55,27,0,
2020-08-06,37,26,0,
2020-08-07,49,32,0,
2020-08-08,38,17,0,
2020-08-09,42,26,0,
2020-08-10,57,24,0,
2020-08-11,48,31,0,
2020-08-12,52,41,0,
2020-08-13,48,33,0,
2020-08-14,55,22,0,
2020-08-15,58,43,0,
2020-08-16,59,32,0,
2020-08-17,45,29,0,
2020-08-18,57,39,0,
2020-08-19,39,17,0,
2020-08-20,42,22,0,
2020-08-21,50,30,0,
2020-08-22,41,31,0,
2020-08-23,51,33,0,
2020-08-24,58,39,0,
2020-08-25,53,36,0,
2020-08-26,42,28,0,
2020-08-27,44,21,0,
2020-08-28,54,22,0,
2020-08-29,43,17,0,
2020-08-30,54,30,0,
2020-08-31,42,24,0,
2020-09-01,55,25,0,
2020-09-02,47,27,0,
2020-09-03,64,27,0,
2020-09-04,51,22,0,
2020-09-05,46,36,0,
2020-09-06,48,22,0,
2020-09-07,41,22,0,
2020-09-08,51,24,0,
2020-09-09,42,18,0,
2020-09-10,39,20,0,
2020-09-11,40,26,0,
2020-09-12,52,36,0,
2020-09-13,48,23,0,
2020-09-14,49,37,0,
2020-09-15,53,33,0,
2020-09-16,110,75,1,DíaIndependencia
2020-09-17,43,17,0,
2020-09-18,56,27,0,
2020-09-19,50,23,0,
2020-09-20,44,25,0,
2020-09-21,54,37,0,
2020-09-22,54,28,0,
2020-09-23,48,26,0,
2020-09-24,58,46,0,
2020-09-25,50,33,0,
2020-09-26,40,25,0,
2020-09-27,50,36,0,
2020-09-28,53,26,0,
2020-09-29,49,19,0,
2020-09-30,57,36,0,
2020-10-01,36,18,0,
2020-10-02,47,29,0,
2020-10-03,46,26,0,
2020-10-04,54,32,0,
2020-10-05,43,23,0,
2020-10-06,40,20,0,
2020-10-07,51,31,0,
2020-10-08,45,29,0,
2020-10-09,50,34,0,
2020-10-10,48,28,0,
2020-10-11,49,24,0,
2020-10-12,42,23,0,
2020-10-13,57,33,0,
2020-10-14,46,30,0,
2020-10-15,54,37,0,
2020-10-16,46,32,0,
2020-10-17,49,23,0,
2020-10-18,47,22,0,
2020-10-19,53,32,0,
2020-10-20,52,29,0,
2020-10-21,49,22,0,
2020-10-22,55,24,0,
2020-10-23,40,23,0,
2020-10-24,64,42,0,
2020-10-25,48,26,0,
2020-10-26,44,22,0,
2020-10-27,57,24,0,
2020-10-28,42,31,0,
2020-10-29,44,22,0,
2020-10-30,55,35,0,
2020-10-31,45,30,0,
2020-11-01,50,38,0,
2020-11-02,86,52,1,DíaMuertos
2020-11-03,57,43,0,
2020-11-04,56,26,0,
2020-11-05,49,32,0,
2020-11-06,43,25,0,
2020-11-07,47,30,0,
2020-11-08,46,22,0,
2020-11-09,55,33,0,
2020-11-10,44,22,0,
2020-11-11,48,20,0,
2020-11-12,42,17,0,
2020-11-13,59,33,0,
2020-11-14,53,38,0,
2020-11-15,59,25,0,
2020-11-16,50,26,0,
2020-11-17,41,26,0,
2020-11-18,53,23,0,
2020-11-19,52,22,0,
2020-11-20,139,84,1,RevoluciónMexicana
2020-11-21,53,36,0,
2020-11-22,37,27,0,
2020-11-23,45,30,0,
2020-11-24,44,23,0,
2020-11-25,55,36,0,
2020-11-26,47,25,0,
2020-11-27,44,19,0,
2020-11-28,42,18,0,
2020-11-29,41,24,0,
2020-11-30,43,26,0,
2020-12-01,45,28,0,
2020-12-02,51,29,0,
2020-12-03,49,31,0,
2020-12-04,39,20,0,
2020-12-05,49,36,0,
2020-12-06,40,20,0,
2020-12-07,45,32,0,
2020-12-08,56,32,0,
2020-12-09,60,30,0,
2020-12-10,43,22,0,
2020-12-11,49,30,0,
2020-12-12,42,31,0,
2020-12-13,47,26,0,
2020-12-14,52,23,0,
2020-12-15,59,37,0,
2020-12-16,49,36,0,
2020-12-17,43,23,0,
2020-12-18,55,32,0,
2020-12-19,60,42,0,
2020-12-20,47,33,0,
2020-12-21,46,19,0,
2020-12-22,58,37,0,
2020-12-23,49,20,0,
2020-12-24,53,32,0,
2020-12-25,145,86,1,Navidad
2020-12-26,50,24,0,
2020-12-27,48,26,0,
2020-12-28,50,34,0,
2020-12-29,58,44,0,
2020-12-30,60,38,0,
2020-12-31,56,31,0,
2021-01-01,113,64,1,AñoNuevo
2021-01-02,56,27,0,
2021-01-03,35,14,0,
2021-01-04,40,17,0,
2021-01-05,67,35,0,
2021-01-06,44,30,0,
2021-01-07,58,29,0,
2021-01-08,55,40,0,
2021-01-09,49,23,0,
2021-01-10,52,23,0,
2021-01-11,45,28,0,
2021-01-12,39,28,0,
2021-01-13,47,28,0,
2021-01-14,47,35,0,
2021-01-15,54,31,0,
2021-01-16,56,28,0,
2021-01-17,46,26,0,
2021-01-18,43,26,0,
2021-01-19,36,25,0,
2021-01-20,44,31,0,
2021-01-21,50,27,0,
2021-01-22,55,31,0,
2021-01-23,34,14,0,
2021-01-24,51,37,0,
2021-01-25,48,35,0,
2021-01-26,46,25,0,
2021-01-27,61,35,0,
2021-01-28,48,33,0,
2021-01-29,45,33,0,
2021-01-30,37,17,0,
2021-01-31,55,34,0,
2021-02-01,50,28,0,
2021-02-02,46,29,0,
2021-02-03,51,24,0,
2021-02-04,44,33,0,
2021-02-05,102,80,1,DíaConstitución
2021-02-06,44,34,0,
2021-02-07,63,37,0,
2021-02-08,59,46,0,
2021-02-09,36,23,0,
2021-02-10,57,43,0,
2021-02-11,55,41,0,
2021-02-12,40,29,0,
2021-02-13,54,37,0,
2021-02-14,51,36,0,
2021-02-15,45,34,0,
2021-02-16,48,21,0,
2021-02-17,60,26,0,
2021-02-18,59,34,0,
2021-02-19,50,38,0,
2021-02-20,43,23,0,
2021-02-21,53,22,0,
2021-02-22,53,34,0,
2021-02-23,51,36,0,
2021-02-24,61,24,0,
2021-02-25,46,35,0,
2021-02-26,49,27,0,
2021-02-27,58,23,0,
2021-02-28,59,45,0,
2021-03-01,44,33,0,
2021-03-02,43,20,0,
2021-03-03,45,28,0,
2021-03-04,53,29,0,
2021-03-05,39,29,0,
2021-03-06,47,23,0,
2021-03-07,47,22,0,
2021-03-08,42,17,0,
2021-03-09,51,23,0,
2021-03-10,46,23,0,
2021-03-11,55,34,0,
2021-03-12,52,23,0,
2021-03-13,43,18,0,
2021-03-14,43,28,0,
2021-03-15,47,31,0,
2021-03-16,64,38,0,
2021-03-17,55,24,0,
2021-03-18,60,27,0,
2021-03-19,30,14,0,
2021-03-20,44,24,0,
2021-03-21,102,54,1,BenitoJuárez
2021-03-22,61,46,0,
2021-03-23,36,19,0,
2021-03-24,47,23,0,
2021-03-25,44,22,0,
2021-03-26,47,27,0,
2021-03-27,52,23,0,
2021-03-28,45,24,0,
2021-03-29,48,26,0,
2021-03-30,43,31,0,
2021-03-31,39,17,0,
2021-04-01,44,33,0,
2021-04-02,140,76,1,SemanaSanta
2021-04-03,46,26,0,
2021-04-04,47,27,0,
2021-04-05,51,36,0,
2021-04-06,42,23,0,
2021-04-07,54,34,0,
2021-04-08,53,26,0,
2021-04-09,60,30,0,
2021-04-10,49,34,0,
2021-04-11,56,43,0,
2021-04-12,40,28,0,
2021-04-13,40,24,0,
2021-04-14,59,41,0,
2021-04-15,58,32,0,
2021-04-16,53,42,0,
2021-04-17,49,36,0,
2021-04-18,43,29,0,
2021-04-19,62,45,0,
2021-04-20,49,22,0,
2021-04-21,64,50,0,
2021-04-22,54,27,0,
2021-04-23,61,25,0,
2021-04-24,50,37,0,
2021-04-25,54,32,0,
2021-04-26,43,21,0,
2021-04-27,48,20,0,
2021-04-28,48,33,0,
2021-04-29,51,29,0,
2021-04-30,52,31,0,
2021-05-01,51,23,0,
2021-05-02,42,18,0,
2021-05-03,35,15,0,
2021-05-04,62,46,0,
2021-05-05,53,24,0,
2021-05-06,41,31,0,
2021-05-07,43,31,0,
2021-05-08,54,25,0,
2021-05-09,54,40,0,
2021-05-10,114,84,1,DíaMadre
2021-05-11,39,27,0,
2021-05-12,43,17,0,
2021-05-13,58,39,0,
2021-05-14,47,28,0,
2021-05-15,52,24,0,
2021-05-16,61,38,0,
2021-05-17,49,20,0,
2021-05-18,48,27,0,
2021-05-19,58,40,0,
2021-05-20,49,28,0,
2021-05-21,46,30,0,
2021-05-22,55,31,0,
2021-05-23,46,20,0,
2021-05-24,52,37,0,
2021-05-25,49,36,0,
2021-05-26,62,28,0,
2021-05-27,64,30,0,
2021-05-28,49,38,0,
2021-05-29,45,22,0,
2021-05-30,41,20,0,
2021-05-31,43,21,0,
2021-06-01,67,41,0,
2021-06-02,45,33,0,
2021-06-03,37,26,0,
2021-06-04,50,32,0,
2021-06-05,44,34,0,
2021-06-06,39,28,0,
2021-06-07,53,38,0,
2021-06-08,62,41,0,
2021-06-09,41,26,0,
2021-06-10,50,28,0,
2021-06-11,49,36,0,
2021-06-12,56,31,0,
2021-06-13,51,34,0,
2021-06-14,40,29,0,
2021-06-15,49,33,0,
2021-06-16,41,31,0,
2021-06-17,53,21,0,
2021-06-18,40,17,0,
2021-06-19,41,21,0,
2021-06-20,143,66,1,DíaPadre
2021-06-21,56,34,0,
2021-06-22,51,22,0,
2021-06-23,49,19,0,
2021-06-24,52,30,0,
2021-06-25,45,27,0,
2021-06-26,45,21,0,
2021-06-27,45,28,0,
2021-06-28,45,24,0,
2021-06-29,62,30,0,
2021-06-30,47,30,0,
2021-07-01,49,28,0,
2021-07-02,56,39,0,
2021-07-03,47,26,0,
2021-07-04,60,40,0,
2021-07-05,48,33,0,
2021-07-06,45,19,0,
2021-07-07,39,22,0,
2021-07-08,47,32,0,
2021-07-09,51,25,0,
2021-07-10,49,20,0,
2021-07-11,59,40,0,
2021-07-12,54,41,0,
2021-07-13,46,33,0,
2021-07-14,52,30,0,
2021-07-15,43,19,0,
2021-07-16,60,25,0,
2021-07-17,57,41,0,
2021-07-18,43,30,0,
2021-07-19,45,19,0,
2021-07-20,52,40,0,
2021-07-21,49,20,0,
2021-07-22,44,20,0,
2021-07-23,51,22,0,
2021-07-24,52,37,0,
2021-07-25,62,44,0,
2021-07-26,57,45,0,
2021-07-27,49,38,0,
2021-07-28,47,22,0,
2021-07-29,47,28,0,
2021-07-30,48,35,0,
2021-07-31,48,24,0,
2021-08-01,49,25,0,
2021-08-02,67,37,0,
2021-08-03,52,24,0,
2021-08-04,45,18,0,
2021-08-05,54,39,0,
2021-08-06,47,27,0,
2021-08-07,45,34,0,
2021-08-08,48,37,0,
2021-08-09,47,31,0,
2021-08-10,46,30,0,
2021-08-11,55,39,0,
2021-08-12,52,35,0,
2021-08-13,41,18,0,
2021-08-14,55,34,0,
2021-08-15,57,27,0,
2021-08-16,49,27,0,
2021-08-17,63,29,0,
2021-08-18,41,28,0,
2021-08-19,35,19,0,
2021-08-20,48,25,0,
2021-08-21,58,31,0,
2021-08-22,45,19,0,
2021-08-23,51,24,0,
2021-08-24,39,29,0,
2021-08-25,58,34,0,
2021-08-26,51,30,0,
2021-08-27,46,25,0,
2021-08-28,58,30,0,
2021-08-29,42,28,0,
2021-08-30,51,31,0,
2021-08-31,51,24,0,
2021-09-01,46,22,0,
2021-09-02,55,28,0,
2021-09-03,52,28,0,
2021-09-04,41,22,0,
2021-09-05,36,18,0,
2021-09-06,42,25,0,
2021-09-07,61,40,0,
2021-09-08,50,31,0,
2021-09-09,51,26,0,
2021-09-10,34,23,0,
2021-09-11,53,41,0,
2021-09-12,49,32,0,
2021-09-13,55,30,0,
2021-09-14,53,33,0,
2021-09-15,61,37,0,
2021-09-16,123,60,1,DíaIndependencia
2021-09-17,57,43,0,
2021-09-18,67,49,0,
2021-09-19,47,26,0,
2021-09-20,45,29,0,
2021-09-21,53,30,0,
2021-09-22,44,30,0,
2021-09-23,43,21,0,
2021-09-24,43,18,0,
2021-09-25,53,23,0,
2021-09-26,44,30,0,
2021-09-27,68,34,0,
2021-09-28,57,24,0,
2021-09-29,45,32,0,
2021-09-30,64,48,0,
2021-10-01,61,43,0,
2021-10-02,54,40,0,
2021-10-03,43,32,0,
2021-10-04,47,32,0,
2021-10-05,48,34,0,
2021-10-06,40,31,0,
2021-10-07,58,39,0,
2021-10-08,41,24,0,
2021-10-09,62,30,0,
2021-10-10,42,18,0,
2021-10-11,39,18,0,
2021-10-12,36,27,0,
2021-10-13,49,31,0,
2021-10-14,54,33,0,
2021-10-15,65,47,0,
2021-10-16,46,21,0,
2021-10-17,50,26,0,
2021-10-18,61,38,0,
2021-10-19,64,36,0,
2021-10-20,43,19,0,
2021-10-21,52,38,0,
2021-10-22,54,34,0,
2021-10-23,42,30,0,
2021-10-24,52,34,0,
2021-10-25,54,43,0,
2021-10-26,41,22,0,
2021-10-27,47,27,0,
2021-10-28,51,21,0,
2021-10-29,61,27,0,
2021-10-30,39,24,0,
2021-10-31,48,34,0,
2021-11-01,51,33,0,
2021-11-02,110,80,1,DíaMuertos
2021-11-03,47,27,0,
2021-11-04,63,31,0,
2021-11-05,47,23,0,
2021-11-06,72,43,0,
2021-11-07,34,26,0,
2021-11-08,46,22,0,
2021-11-09,43,21,0,
2021-11-10,46,34,0,
2021-11-11,43,31,0,
2021-11-12,50,27,0,
2021-11-13,45,25,0,
2021-11-14,47,34,0,
2021-11-15,61,39,0,
2021-11-16,40,25,0,
2021-11-17,50,28,0,
2021-11-18,48,27,0,
2021-11-19,63,40,0,
2021-11-20,135,77,1,RevoluciónMexicana
2021-11-21,43,25,0,
2021-11-22,48,20,0,
2021-11-23,48,20,0,
2021-11-24,55,43,0,
2021-11-25,46,23,0,
2021-11-26,51,25,0,
2021-11-27,54,39,0,
2021-11-28,51,23,0,
2021-11-29,48,25,0,
2021-11-30,51,30,0,
2021-12-01,44,35,0,
2021-12-02,43,20,0,
2021-12-03,58,43,0,
2021-12-04,51,26,0,
2021-12-05,53,39,0,
2021-12-06,44,26,0,
2021-12-07,52,38,0,
2021-12-08,56,40,0,
2021-12-09,41,26,0,
2021-12-10,54,26,0,
2021-12-11,44,29,0,
2021-12-12,50,26,0,
2021-12-13,50,20,0,
2021-12-14,39,30,0,
2021-12-15,47,21,0,
2021-12-16,48,29,0,
2021-12-17,59,36,0,
2021-12-18,55,30,0,
2021-12-19,57,40,0,
2021-12-20,51,25,0,
2021-12-21,46,24,0,
2021-12-22,65,31,0,
2021-12-23,43,21,0,
2021-12-24,52,28,0,
2021-12-25,136,55,1,Navidad
2021-12-26,39,16,0,
2021-12-27,46,29,0,
2021-12-28,51,28,0,
2021-12-29,48,21,0,
2021-12-30,51,29,0,
2021-12-31,46,31,0,
2022-01-01,122,52,1,AñoNuevo
2022-01-02,57,39,0,
2022-01-03,38,21,0,
2022-01-04,47,32,0,
2022-01-05,59,26,0,
2022-01-06,46,35,0,
2022-01-07,37,25,0,
2022-01-08,50,24,0,
2022-01-09,44,32,0,
2022-01-10,46,28,0,
2022-01-11,47,33,0,
2022-01-12,32,15,0,
2022-01-13,42,28,0,
2022-01-14,47,20,0,
2022-01-15,41,32,0,
2022-01-16,53,33,0,
2022-01-17,55,43,0,
2022-01-18,40,18,0,
2022-01-19,46,34,0,
2022-01-20,37,28,0,
2022-01-21,65,49,0,
2022-01-22,47,30,0,
2022-01-23,54,23,0,
2022-01-24,68,50,0,
2022-01-25,50,29,0,
2022-01-26,40,21,0,
2022-01-27,38,25,0,
2022-01-28,67,49,0,
2022-01-29,48,23,0,
2022-01-30,44,23,0,
2022-01-31,49,35,0,
2022-02-01,48,21,0,
2022-02-02,71,32,0,
2022-02-03,48,23,0,
2022-02-04,59,25,0,
2022-02-05,104,57,1,DíaConstitución
2022-02-06,40,23,0,
2022-02-07,55,26,0,
2022-02-08,58,25,0,
2022-02-09,55,34,0,
2022-02-10,57,38,0,
2022-02-11,57,24,0,
2022-02-12,45,21,0,
2022-02-13,43,27,0,
2022-02-14,48,30,0,
2022-02-15,54,30,0,
2022-02-16,44,20,0,
2022-02-17,59,25,0,
2022-02-18,43,26,0,
2022-02-19,53,40,0,
2022-02-20,46,26,0,
2022-02-21,40,17,0,
2022-02-22,48,23,0,
2022-02-23,50,22,0,
2022-02-24,47,25,0,
2022-02-25,59,39,0,
2022-02-26,47,35,0,
2022-02-27,54,24,0,
2022-02-28,62,42,0,
2022-03-01,49,19,0,
2022-03-02,44,25,0,
2022-03-03,55,31,0,
2022-03-04,44,20,0,
2022-03-05,35,24,0,
2022-03-06,48,24,0,
2022-03-07,46,35,0,
2022-03-08,50,27,0,
2022-03-09,40,31,0,
2022-03-10,51,22,0,
2022-03-11,62,28,0,
2022-03-12,45,23,0,
2022-03-13,46,30,0,
2022-03-14,40,20,0,
2022-03-15,52,31,0,
2022-03-16,40,21,0,
2022-03-17,47,37,0,
2022-03-18,60,37,0,
2022-03-19,48,33,0,
2022-03-20,62,34,0,
2022-03-21,145,84,1,BenitoJuárez
2022-03-22,55,25,0,
2022-03-23,44,28,0,
2022-03-24,54,42,0,
2022-03-25,59,28,0,
2022-03-26,51,27,0,
2022-03-27,48,23,0,
2022-03-28,62,36,0,
2022-03-29,43,23,0,
2022-03-30,49,27,0,
2022-03-31,50,37,0,
2022-04-01,54,40,0,
2022-04-02,61,39,0,
2022-04-03,57,40,0,
2022-04-04,49,34,0,
2022-04-05,49,26,0,
2022-04-06,59,38,0,
2022-04-07,48,31,0,
2022-04-08,58,28,0,
2022-04-09,49,30,0,
2022-04-10,40,26,0,
2022-04-11,57,25,0,
2022-04-12,46,21,0,
2022-04-13,56,28,0,
2022-04-14,58,24,0,
2022-04-15,117,55,1,SemanaSanta
2022-04-16,34,21,0,
2022-04-17,62,33,0,
2022-04-18,46,19,0,
2022-04-19,50,37,0,
2022-04-20,69,48,0,
2022-04-21,57,35,0,
2022-04-22,43,33,0,
2022-04-23,39,19,0,
2022-04-24,58,39,0,
2022-04-25,39,21,0,
2022-04-26,40,26,0,
2022-04-27,45,35,0,
2022-04-28,49,36,0,
2022-04-29,43,19,0,
2022-04-30,51,25,0,
2022-05-01,53,31,0,
2022-05-02,61,35,0,
2022-05-03,53,29,0,
2022-05-04,51,27,0,
2022-05-05,58,33,0,
2022-05-06,36,25,0,
2022-05-07,52,25,0,
2022-05-08,55,38,0,
2022-05-09,53,22,0,
2022-05-10,143,96,1,DíaMadre
2022-05-11,44,21,0,
2022-05-12,57,33,0,
2022-05-13,49,19,0,
2022-05-14,47,19,0,
2022-05-15,44,30,0,
2022-05-16,44,26,0,
2022-05-17,71,40,0,
2022-05-18,56,23,0,
2022-05-19,41,17,0,
2022-05-20,51,24,0,
2022-05-21,54,35,0,
2022-05-22,68,33,0,
2022-05-23,67,53,0,
2022-05-24,44,24,0,
2022-05-25,41,18,0,
2022-05-26,51,32,0,
2022-05-27,50,36,0,
2022-05-28,56,29,0,
2022-05-29,56,34,0,
2022-05-30,52,38,0,
2022-05-31,37,26,0,
2022-06-01,47,23,0,
2022-06-02,49,22,0,
2022-06-03,46,28,0,
2022-06-04,42,29,0,
2022-06-05,60,43,0,
2022-06-06,53,30,0,
2022-06-07,43,23,0,
2022-06-08,48,28,0,
2022-06-09,62,34,0,
2022-06-10,39,30,0,
2022-06-11,57,45,0,
2022-06-12,64,38,0,
2022-06-13,46,26,0,
2022-06-14,61,40,0,
2022-06-15,47,21,0,
2022-06-16,38,22,0,
2022-06-17,52,33,0,
2022-06-18,40,24,0,
2022-06-19,95,48,1,DíaPadre
2022-06-20,51,27,0,
2022-06-21,46,29,0,
2022-06-22,45,30,0,
2022-06-23,51,37,0,
2022-06-24,41,31,0,
2022-06-25,48,19,0,
2022-06-26,57,40,0,
2022-06-27,51,31,0,
2022-06-28,56,36,0,
2022-06-29,53,37,0,
2022-06-30,42,21,0,
2022-07-01,43,30,0,
2022-07-02,56,41,0,
2022-07-03,47,24,0,
2022-07-04,48,31,0,
2022-07-05,41,29,0,
2022-07-06,55,39,0,
2022-07-07,53,42,0,
2022-07-08,57,31,0,
2022-07-09,44,27,0,
2022-07-10,43,24,0,
2022-07-11,48,24,0,
2022-07-12,45,31,0,
2022-07-13,46,32,0,
2022-07-14,52,38,0,
2022-07-15,53,40,0,
2022-07-16,55,41,0,
2022-07-17,57,44,0,
2022-07-18,53,32,0,
2022-07-19,46,29,0,
2022-07-20,45,27,0,
2022-07-21,43,31,0,
2022-07-22,52,37,0,
2022-07-23,55,39,0,
2022-07-24,46,20,0,
2022-07-25,36,24,0,
2022-07-26,42,19,0,
2022-07-27,49,25,0,
2022-07-28,58,46,0,
2022-07-29,50,24,0,
2022-07-30,50,26,0,
2022-07-31,50,22,0,
2022-08-01,45,21,0,
2022-08-02,38,18,0,
2022-08-03,54,23,0,
2022-08-04,44,33,0,
2022-08-05,68,33,0,
2022-08-06,40,17,0,
2022-08-07,43,30,0,
2022-08-08,63,35,0,
2022-08-09,55,41,0,
2022-08-10,41,20,0,
2022-08-11,46,26,0,
2022-08-12,44,26,0,
2022-08-13,55,24,0,
2022-08-14,51,21,0,
2022-08-15,59,28,0,
2022-08-16,51,21,0,
2022-08-17,49,22,0,
2022-08-18,54,34,0,
2022-08-19,48,20,0,
2022-08-20,40,19,0,
2022-08-21,64,27,0,
2022-08-22,64,44,0,
2022-08-23,50,23,0,
2022-08-24,55,36,0,
2022-08-25,60,38,0,
2022-08-26,51,36,0,
2022-08-27,45,25,0,
2022-08-28,53,32,0,
2022-08-29,58,43,0,
2022-08-30,46,20,0,
2022-08-31,40,17,0,
2022-09-01,44,18,0,
2022-09-02,45,34,0,
2022-09-03,37,17,0,
2022-09-04,63,32,0,
2022-09-05,48,33,0,
2022-09-06,51,26,0,
2022-09-07,67,44,0,
2022-09-08,47,28,0,
2022-09-09,54,29,0,
2022-09-10,53,26,0,
2022-09-11,46,20,0,
2022-09-12,55,25,0,
2022-09-13,50,25,0,
2022-09-14,49,24,0,
2022-09-15,46,28,0,
2022-09-16,99,59,1,DíaIndependencia
2022-09-17,37,24,0,
2022-09-18,52,32,0,
2022-09-19,52,41,0,
2022-09-20,57,32,0,
2022-09-21,53,28,0,
2022-09-22,58,43,0,
2022-09-23,47,35,0,
2022-09-24,46,23,0,
2022-09-25,41,22,0,
2022-09-26,51,29,0,
2022-09-27,53,22,0,
2022-09-28,44,32,0,
2022-09-29,52,35,0,
2022-09-30,48,32,0,
2022-10-01,45,34,0,
2022-10-02,44,24,0,
2022-10-03,46,24,0,
2022-10-04,57,29,0,
2022-10-05,54,32,0,
2022-10-06,51,21,0,
2022-10-07,55,28,0,
2022-10-08,47,26,0,
2022-10-09,49,25,0,
2022-10-10,44,24,0,
2022-10-11,49,33,0,
2022-10-12,52,22,0,
2022-10-13,54,28,0,
2022-10-14,38,17,0,
2022-10-15,47,19,0,
2022-10-16,60,35,0,
2022-10-17,51,31,0,
2022-10-18,61,40,0,
2022-10-19,54,34,0,
2022-10-20,54,41,0,
2022-10-21,55,40,0,
2022-10-22,48,31,0,
2022-10-23,43,20,0,
2022-10-24,38,17,0,
2022-10-25,57,38,0,
2022-10-26,54,40,0,
2022-10-27,51,27,0,
2022-10-28,53,41,0,
2022-10-29,45,31,0,
2022-10-30,35,18,0,
2022-10-31,66,39,0,
2022-11-01,56,33,0,
2022-11-02,77,52,1,DíaMuertos
2022-11-03,38,17,0,
2022-11-04,42,24,0,
2022-11-05,53,29,0,
2022-11-06,47,33,0,
2022-11-07,61,45,0,
2022-11-08,54,38,0,
2022-11-09,51,31,0,
2022-11-10,53,37,0,
2022-11-11,48,30,0,
2022-11-12,39,18,0,
2022-11-13,52,39,0,
2022-11-14,50,24,0,
2022-11-15,29,20,0,
2022-11-16,57,26,0,
2022-11-17,44,17,0,
2022-11-18,45,35,0,
2022-11-19,49,38,0,
2022-11-20,148,94,1,RevoluciónMexicana
2022-11-21,47,35,0,
2022-11-22,56,30,0,
2022-11-23,60,37,0,
2022-11-24,47,31,0,
2022-11-25,67,32,0,
2022-11-26,45,23,0,
2022-11-27,55,34,0,
2022-11-28,48,25,0,
2022-11-29,47,20,0,
2022-11-30,48,28,0,
2022-12-01,54,28,0,
2022-12-02,51,36,0,
2022-12-03,55,41,0,
2022-12-04,41,30,0,
2022-12-05,57,24,0,
2022-12-06,63,41,0,
2022-12-07,55,27,0,
2022-12-08,49,23,0,
2022-12-09,65,51,0,
2022-12-10,68,47,0,
2022-12-11,44,21,0,
2022-12-12,47,24,0,
2022-12-13,48,22,0,
2022-12-14,52,29,0,
2022-12-15,41,26,0,
2022-12-16,60,44,0,
2022-12-17,43,19,0,
2022-12-18,52,21,0,
2022-12-19,50,34,0,
2022-12-20,47,19,0,
2022-12-21,48,35,0,
2022-12-22,54,28,0,
2022-12-23,54,31,0,
2022-12-24,46,19,0,
2022-12-25,106,72,1,Navidad
2022-12-26,47,26,0,
2022-12-27,63,36,0,
2022-12-28,61,30,0,
2022-12-29,50,31,0,
2022-12-30,44,32,0,
2022-12-31,33,26,0,
2023-01-01,92,65,1,AñoNuevo
2023-01-02,49,27,0,
2023-01-03,41,27,0,
2023-01-04,41,32,0,
2023-01-05,46,32,0,
2023-01-06,60,34,0,
2023-01-07,45,25,0,
2023-01-08,59,42,0,
2023-01-09,63,45,0,
2023-01-10,65,40,0,
2023-01-11,49,36,0,
2023-01-12,48,35,0,
2023-01-13,48,28,0,
2023-01-14,45,35,0,
2023-01-15,47,21,0,
2023-01-16,48,22,0,
2023-01-17,49,38,0,
2023-01-18,41,30,0,
2023-01-19,65,37,0,
2023-01-20,56,38,0,
2023-01-21,34,22,0,
2023-01-22,59,45,0,
2023-01-23,64,39,0,
2023-01-24,46,24,0,
2023-01-25,56,31,0,
2023-01-26,49,26,0,
2023-01-27,56,34,0,
2023-01-28,34,17,0,
2023-01-29,34,26,0,
2023-01-30,56,44,0,
2023-01-31,59,26,0,
2023-02-01,58,23,0,
2023-02-02,51,26,0,
2023-02-03,44,23,0,
2023-02-04,51,25,0,
2023-02-05,101,54,1,DíaConstitución
2023-02-06,53,33,0,
2023-02-07,39,24,0,
2023-02-08,51,37,0,
2023-02-09,46,34,0,
2023-02-10,42,27,0,
2023-02-11,47,23,0,
2023-02-12,72,39,0,
2023-02-13,50,23,0,
2023-02-14,48,20,0,
2023-02-15,52,24,0,
2023-02-16,45,18,0,
2023-02-17,53,38,0,
2023-02-18,46,22,0,
2023-02-19,46,28,0,
2023-02-20,49,26,0,
2023-02-21,50,30,0,
2023-02-22,56,36,0,
2023-02-23,59,42,0,
2023-02-24,52,23,0,
2023-02-25,55,33,0,
2023-02-26,52,38,0,
2023-02-27,64,26,0,
2023-02-28,53,42,0,
2023-03-01,56,34,0,
2023-03-02,50,35,0,
2023-03-03,61,27,0,
2023-03-04,47,20,0,
2023-03-05,36,19,0,
2023-03-06,49,27,0,
2023-03-07,54,24,0,
2023-03-08,45,24,0,
2023-03-09,54,32,0,
2023-03-10,53,25,0,
2023-03-11,48,21,0,
2023-03-12,55,41,0,
2023-03-13,54,31,0,
2023-03-14,57,23,0,
2023-03-15,44,32,0,
2023-03-16,44,31,0,
2023-03-17,55,23,0,
2023-03-18,46,29,0,
2023-03-19,44,19,0,
2023-03-20,51,26,0,
2023-03-21,123,80,1,BenitoJuárez
2023-03-22,47,33,0,
2023-03-23,53,24,0,
2023-03-24,51,36,0,
2023-03-25,58,40,0,
2023-03-26,38,24,0,
2023-03-27,54,21,0,
2023-03-28,50,39,0,
2023-03-29,54,32,0,
2023-03-30,31,20,0,
2023-03-31,39,19,0,
2023-04-01,47,26,0,
2023-04-02,48,33,0,
2023-04-03,41,23,0,
2023-04-04,40,28,0,
2023-04-05,53,27,0,
2023-04-06,37,22,0,
2023-04-07,90,67,1,SemanaSanta
2023-04-08,57,43,0,
2023-04-09,45,27,0,
2023-04-10,51,27,0,
2023-04-11,44,30,0,
2023-04-12,45,33,0,
2023-04-13,58,43,0,
2023-04-14,50,25,0,
2023-04-15,62,41,0,
2023-04-16,50,23,0,
2023-04-17,59,40,0,
2023-04-18,59,37,0,
2023-04-19,60,29,0,
2023-04-20,55,27,0,
2023-04-21,47,32,0,
2023-04-22,35,21,0,
2023-04-23,50,37,0,
2023-04-24,42,22,0,
2023-04-25,56,42,0,
2023-04-26,48,22,0,
2023-04-27,53,38,0,
2023-04-28,52,21,0,
2023-04-29,57,43,0,
2023-04-30,38,19,0,
2023-05-01,49,34,0,
2023-05-02,46,36,0,
2023-05-03,48,34,0,
2023-05-04,51,34,0,
2023-05-05,50,25,0,
2023-05-06,54,28,0,
2023-05-07,61,28,0,
2023-05-08,70,28,0,
2023-05-09,65,39,0,
2023-05-10,147,75,1,DíaMadre
2023-05-11,60,38,0,
2023-05-12,52,25,0,
2023-05-13,51,25,0,
2023-05-14,37,27,0,
2023-05-15,45,26,0,
2023-05-16,52,33,0,
2023-05-17,47,34,0,
2023-05-18,50,20,0,
2023-05-19,56,27,0,
2023-05-20,49,38,0,
2023-05-21,54,41,0,
2023-05-22,41,23,0,
2023-05-23,45,34,0,
2023-05-24,52,40,0,
2023-05-25,46,23,0,
2023-05-26,40,30,0,
2023-05-27,48,34,0,
2023-05-28,56,24,0,
2023-05-29,60,40,0,
2023-05-30,57,36,0,
2023-05-31,71,32,0,
2023-06-01,54,38,0,
2023-06-02,51,40,0,
2023-06-03,51,25,0,
2023-06-04,49,36,0,
2023-06-05,51,38,0,
2023-06-06,54,37,0,
2023-06-07,52,24,0,
2023-06-08,64,31,0,
2023-06-09,36,16,0,
2023-06-10,43,20,0,
2023-06-11,53,26,0,
2023-06-12,43,17,0,
2023-06-13,56,29,0,
2023-06-14,53,37,0,
2023-06-15,41,24,0,
2023-06-16,44,28,0,
2023-06-17,47,21,0,
2023-06-18,122,53,1,DíaPadre
2023-06-19,54,28,0,
2023-06-20,30,21,0,
2023-06-21,62,26,0,
2023-06-22,62,46,0,
2023-06-23,39,16,0,
2023-06-24,41,21,0,
2023-06-25,49,37,0,
2023-06-26,53,36,0,
2023-06-27,34,27,0,
2023-06-28,52,32,0,
2023-06-29,57,35,0,
2023-06-30,44,28,0,
2023-07-01,43,22,0,
2023-07-02,63,43,0,
2023-07-03,46,33,0,
2023-07-04,50,35,0,
2023-07-05,56,37,0,
2023-07-06,58,30,0,
2023-07-07,45,21,0,
2023-07-08,52,35,0,
2023-07-09,48,26,0,
2023-07-10,51,38,0,
2023-07-11,43,30,0,
2023-07-12,40,21,0,
2023-07-13,39,20,0,
2023-07-14,40,27,0,
2023-07-15,64,30,0,
2023-07-16,51,39,0,
2023-07-17,47,24,0,
2023-07-18,45,35,0,
2023-07-19,50,34,0,
2023-07-20,46,25,0,
2023-07-21,49,23,0,
2023-07-22,44,30,0,
2023-07-23,54,38,0,
2023-07-24,46,27,0,
2023-07-25,61,38,0,
2023-07-26,38,29,0,
2023-07-27,56,37,0,
2023-07-28,39,27,0,
2023-07-29,51,20,0,
2023-07-30,53,21,0,
2023-07-31,47,25,0,
2023-08-01,49,22,0,
2023-08-02,57,41,0,
2023-08-03,49,33,0,
2023-08-04,51,32,0,
2023-08-05,37,23,0,
2023-08-06,57,30,0,
2023-08-07,51,26,0,
2023-08-08,55,29,0,
2023-08-09,43,32,0,
2023-08-10,58,25,0,
2023-08-11,66,35,0,
2023-08-12,48,38,0,
2023-08-13,48,36,0,
2023-08-14,41,32,0,
2023-08-15,59,46,0,
2023-08-16,64,37,0,
2023-08-17,57,35,0,
2023-08-18,56,27,0,
2023-08-19,52,22,0,
2023-08-20,47,26,0,
2023-08-21,45,29,0,
2023-08-22,47,31,0,
2023-08-23,44,24,0,
2023-08-24,48,26,0,
2023-08-25,62,27,0,
2023-08-26,50,29,0,
2023-08-27,40,28,0,
2023-08-28,43,25,0,
2023-08-29,47,26,0,
2023-08-30,50,37,0,
2023-08-31,39,20,0,
2023-09-01,52,27,0,
2023-09-02,54,41,0,
2023-09-03,39,22,0,
2023-09-04,50,20,0,
2023-09-05,43,31,0,
2023-09-06,51,24,0,
2023-09-07,50,23,0,
2023-09-08,52,29,0,
2023-09-09,36,28,0,
2023-09-10,54,38,0,
2023-09-11,55,34,0,
2023-09-12,45,34,0,
2023-09-13,53,25,0,
2023-09-14,33,20,0,
2023-09-15,49,38,0,
2023-09-16,103,49,1,DíaIndependencia
2023-09-17,53,32,0,
2023-09-18,40,28,0,
2023-09-19,45,28,0,
2023-09-20,40,24,0,
2023-09-21,42,19,0,
2023-09-22,51,39,0,
2023-09-23,38,26,0,
2023-09-24,51,39,0,
2023-09-25,58,45,0,
2023-09-26,62,29,0,
2023-09-27,59,36,0,
2023-09-28,56,41,0,
2023-09-29,39,23,0,
2023-09-30,40,17,0,
2023-10-01,46,30,0,
2023-10-02,47,19,0,
2023-10-03,55,25,0,
2023-10-04,56,26,0,
2023-10-05,46,33,0,
2023-10-06,54,30,0,
2023-10-07,41,28,0,
2023-10-08,48,27,0,
2023-10-09,47,33,0,
2023-10-10,36,25,0,
2023-10-11,50,37,0,
2023-10-12,55,40,0,
2023-10-13,34,22,0,
2023-10-14,52,24,0,
2023-10-15,44,24,0,
2023-10-16,58,32,0,
2023-10-17,47,25,0,
2023-10-18,45,27,0,
2023-10-19,50,23,0,
2023-10-20,48,34,0,
2023-10-21,57,22,0,
2023-10-22,42,29,0,
2023-10-23,50,33,0,
2023-10-24,53,22,0,
2023-10-25,48,31,0,
2023-10-26,49,27,0,
2023-10-27,44,23,0,
2023-10-28,44,22,0,
2023-10-29,44,22,0,
2023-10-30,47,36,0,
2023-10-31,41,16,0,
2023-11-01,55,27,0,
2023-11-02,97,52,1,DíaMuertos
2023-11-03,54,22,0,
2023-11-04,48,27,0,
2023-11-05,50,28,0,
2023-11-06,48,24,0,
2023-11-07,38,18,0,
2023-11-08,40,27,0,
2023-11-09,42,26,0,
2023-11-10,63,44,0,
2023-11-11,42,25,0,
2023-11-12,62,34,0,
2023-11-13,45,31,0,
2023-11-14,50,24,0,
2023-11-15,65,28,0,
2023-11-16,55,36,0,
2023-11-17,50,20,0,
2023-11-18,43,26,0,
2023-11-19,49,26,0,
2023-11-20,104,54,1,RevoluciónMexicana
2023-11-21,45,28,0,
2023-11-22,49,25,0,
2023-11-23,44,18,0,
2023-11-24,52,23,0,
2023-11-25,43,28,0,
2023-11-26,53,23,0,
2023-11-27,54,42,0,
2023-11-28,46,19,0,
2023-11-29,49,37,0,
2023-11-30,52,28,0,
2023-12-01,52,29,0,
2023-12-02,50,26,0,
2023-12-03,57,24,0,
2023-12-04,53,41,0,
2023-12-05,68,39,0,
2023-12-06,61,46,0,
2023-12-07,43,19,0,
2023-12-08,55,25,0,
2023-12-09,53,38,0,
2023-12-10,46,32,0,
2023-12-11,60,28,0,
2023-12-12,47,31,0,
2023-12-13,59,33,0,
2023-12-14,45,30,0,
2023-12-15,39,21,0,
2023-12-16,49,34,0,
2023-12-17,48,35,0,
2023-12-18,46,28,0,
2023-12-19,46,26,0,
2023-12-20,57,35,0,
2023-12-21,43,18,0,
2023-12-22,47,35,0,
2023-12-23,41,30,0,
2023-12-24,42,33,0,
2023-12-25,95,46,1,Navidad
2023-12-26,56,37,0,
2023-12-27,38,18,0,
2023-12-28,60,28,0,
2023-12-29,48,29,0,
2023-12-30,50,21,0,
2023-12-31,36,16,0,
2024-01-01,95,45,1,AñoNuevo
2024-01-02,57,44,0,
2024-01-03,36,16,0,
2024-01-04,51,21,0,
2024-01-05,56,28,0,
2024-01-06,54,32,0,
2024-01-07,45,31,0,
2024-01-08,43,19,0,
2024-01-09,56,39,0,
2024-01-10,47,20,0,
2024-01-11,46,25,0,
2024-01-12,51,29,0,
2024-01-13,53,29,0,
2024-01-14,43,21,0,
2024-01-15,63,43,0,
2024-01-16,67,34,0,
2024-01-17,65,34,0,
2024-01-18,52,28,0,
2024-01-19,43,23,0,
2024-01-20,34,18,0,
2024-01-21,44,33,0,
2024-01-22,39,17,0,
2024-01-23,52,27,0,
2024-01-24,49,34,0,
2024-01-25,48,21,0,
2024-01-26,57,30,0,
2024-01-27,50,37,0,
2024-01-28,47,37,0,
2024-01-29,56,29,0,
2024-01-30,53,22,0,
2024-01-31,46,18,0,
2024-02-01,58,33,0,
2024-02-02,68,51,0,
2024-02-03,49,28,0,
2024-02-04,55,33,0,
2024-02-05,104,53,1,DíaConstitución
2024-02-06,39,16,0,
2024-02-07,52,37,0,
2024-02-08,42,29,0,
2024-02-09,46,30,0,
2024-02-10,49,22,0,
2024-02-11,46,33,0,
2024-02-12,49,35,0,
2024-02-13,51,27,0,
2024-02-14,46,19,0,
2024-02-15,50,27,0,
2024-02-16,49,33,0,
2024-02-17,48,33,0,
2024-02-18,61,33,0,
2024-02-19,39,19,0,
2024-02-20,65,33,0,
2024-02-21,51,23,0,
2024-02-22,43,20,0,
2024-02-23,42,33,0,
2024-02-24,43,26,0,
2024-02-25,56,34,0,
2024-02-26,49,26,0,
2024-02-27,47,20,0,
2024-02-28,48,29,0,
2024-02-29,53,30,0,
2024-03-01,49,32,0,
2024-03-02,46,35,0,
2024-03-03,58,34,0,
2024-03-04,56,38,0,
2024-03-05,46,25,0,
2024-03-06,41,22,0,
2024-03-07,52,23,0,
2024-03-08,43,24,0,
2024-03-09,61,29,0,
2024-03-10,56,26,0,
2024-03-11,46,36,0,
2024-03-12,53,38,0,
2024-03-13,43,29,0,
2024-03-14,52,22,0,
2024-03-15,47,19,0,
2024-03-16,53,41,0,
2024-03-17,44,24,0,
2024-03-18,48,37,0,
2024-03-19,61,31,0,
2024-03-20,55,27,0,
2024-03-21,93,66,1,BenitoJuárez
2024-03-22,50,38,0,
2024-03-23,49,21,0,
2024-03-24,41,30,0,
2024-03-25,52,37,0,
2024-03-26,52,29,0,
2024-03-27,43,18,0,
2024-03-28,49,27,0,
2024-03-29,75,44,1,SemanaSanta
2024-03-30,63,30,0,
2024-03-31,53,35,0,
2024-04-01,44,27,0,
2024-04-02,56,42,0,
2024-04-03,52,38,0,
2024-04-04,55,36,0,
2024-04-05,49,22,0,
2024-04-06,55,22,0,
2024-04-07,46,18,0,
2024-04-08,46,21,0,
2024-04-09,33,14,0,
2024-04-10,52,24,0,
2024-04-11,50,26,0,
2024-04-12,53,40,0,
2024-04-13,42,25,0,
2024-04-14,44,18,0,
2024-04-15,60,29,0,
2024-04-16,45,28,0,
2024-04-17,43,20,0,
2024-04-18,43,21,0,
2024-04-19,53,35,0,
2024-04-20,42,23,0,
2024-04-21,35,19,0,
2024-04-22,51,24,0,
2024-04-23,40,21,0,
2024-04-24,41,16,0,
2024-04-25,58,32,0,
2024-04-26,50,30,0,
2024-04-27,48,25,0,
2024-04-28,55,29,0,
2024-04-29,45,27,0,
2024-04-30,39,28,0,
2024-05-01,52,29,0,
2024-05-02,44,31,0,
2024-05-03,44,32,0,
2024-05-04,50,37,0,
2024-05-05,56,33,0,
2024-05-06,36,23,0,
2024-05-07,36,25,0,
2024-05-08,43,31,0,
2024-05-09,64,50,0,
2024-05-10,105,66,1,DíaMadre
2024-05-11,61,42,0,
2024-05-12,48,23,0,
2024-05-13,49,37,0,
2024-05-14,37,21,0,
2024-05-15,43,34,0,
2024-05-16,47,27,0,
2024-05-17,59,36,0,
2024-05-18,59,26,0,
2024-05-19,58,44,0,
2024-05-20,54,28,0,
2024-05-21,33,26,0,
2024-05-22,49,23,0,
2024-05-23,47,29,0,
2024-05-24,60,44,0,
2024-05-25,45,28,0,
2024-05-26,41,30,0,
2024-05-27,38,20,0,
2024-05-28,52,21,0,
2024-05-29,51,28,0,
2024-05-30,41,31,0,
2024-05-31,49,35,0,
2024-06-01,45,27,0,
2024-06-02,52,28,0,
2024-06-03,42,29,0,
2024-06-04,42,30,0,
2024-06-05,46,34,0,
2024-06-06,46,28,0,
2024-06-07,48,22,0,
2024-06-08,42,31,0,
2024-06-09,41,17,0,
2024-06-10,56,24,0,
2024-06-11,64,28,0,
2024-06-12,43,21,0,
2024-06-13,42,19,0,
2024-06-14,48,37,0,
2024-06-15,46,19,0,
2024-06-16,100,58,1,DíaPadre
2024-06-17,52,39,0,
2024-06-18,39,28,0,
2024-06-19,47,33,0,
2024-06-20,54,39,0,
2024-06-21,54,25,0,
2024-06-22,46,20,0,
2024-06-23,51,34,0,
2024-06-24,63,46,0,
2024-06-25,62,47,0,
2024-06-26,54,29,0,
2024-06-27,50,38,0,
2024-06-28,63,39,0,
2024-06-29,50,21,0,
2024-06-30,50,22,0,
2024-07-01,46,29,0,
2024-07-02,57,29,0,
2024-07-03,35,20,0,
2024-07-04,46,23,0,
2024-07-05,62,48,0,
2024-07-06,47,20,0,
2024-07-07,53,36,0,
2024-07-08,49,26,0,
2024-07-09,62,37,0,
2024-07-10,48,32,0,
2024-07-11,48,33,0,
2024-07-12,66,37,0,
2024-07-13,53,42,0,
2024-07-14,42,31,0,
2024-07-15,57,42,0,
2024-07-16,44,34,0,
2024-07-17,46,18,0,
2024-07-18,43,27,0,
2024-07-19,58,36,0,
2024-07-20,44,31,0,
2024-07-21,40,16,0,
2024-07-22,55,27,0,
2024-07-23,40,30,0,
2024-07-24,50,38,0,
2024-07-25,56,38,0,
2024-07-26,37,25,0,
2024-07-27,45,34,0,
2024-07-28,52,21,0,
2024-07-29,57,38,0,
2024-07-30,54,30,0,
2024-07-31,48,21,0,
2024-08-01,60,28,0,
2024-08-02,51,37,0,
2024-08-03,43,29,0,
2024-08-04,51,30,0,
2024-08-05,53,39,0,
2024-08-06,55,30,0,
2024-08-07,50,21,0,
2024-08-08,35,20,0,
2024-08-09,48,19,0,
2024-08-10,47,27,0,
2024-08-11,54,23,0,
2024-08-12,52,26,0,
2024-08-13,57,23,0,
2024-08-14,54,38,0,
2024-08-15,63,39,0,
2024-08-16,55,28,0,
2024-08-17,53,26,0,
2024-08-18,55,24,0,
2024-08-19,31,15,0,
2024-08-20,51,21,0,
2024-08-21,60,26,0,
2024-08-22,40,30,0,
2024-08-23,57,26,0,
2024-08-24,51,21,0,
2024-08-25,48,26,0,
2024-08-26,54,39,0,
2024-08-27,54,23,0,
2024-08-28,51,27,0,
2024-08-29,48,22,0,
2024-08-30,32,14,0,
2024-08-31,71,42,0,
2024-09-01,46,34,0,
2024-09-02,53,29,0,
2024-09-03,48,31,0,
2024-09-04,47,22,0,
2024-09-05,52,36,0,
2024-09-06,49,26,0,
2024-09-07,48,35,0,
2024-09-08,51,26,0,
2024-09-09,72,46,0,
2024-09-10,56,30,0,
2024-09-11,45,28,0,
2024-09-12,55,28,0,
2024-09-13,46,31,0,
2024-09-14,43,20,0,
2024-09-15,65,50,0,
2024-09-16,136,103,1,DíaIndependencia
2024-09-17,55,22,0,
2024-09-18,51,39,0,
2024-09-19,53,40,0,
2024-09-20,55,36,0,
2024-09-21,51,28,0,
2024-09-22,46,23,0,
2024-09-23,50,31,0,
2024-09-24,48,32,0,
2024-09-25,51,31,0,
2024-09-26,44,23,0,
2024-09-27,53,26,0,
2024-09-28,38,26,0,
2024-09-29,59,32,0,
2024-09-30,55,31,0,
2024-10-01,45,31,0,
2024-10-02,51,36,0,
2024-10-03,53,34,0,
2024-10-04,45,26,0,
2024-10-05,54,39,0,
2024-10-06,49,26,0,
2024-10-07,43,33,0,
2024-10-08,43,20,0,
2024-10-09,48,37,0,
2024-10-10,55,38,0,
2024-10-11,48,24,0,
2024-10-12,47,19,0,
2024-10-13,60,28,0,
2024-10-14,50,22,0,
2024-10-15,53,33,0,
2024-10-16,70,30,0,
2024-10-17,64,46,0,
2024-10-18,56,24,0,
2024-10-19,51,34,0,
2024-10-20,50,35,0,
2024-10-21,43,20,0,
2024-10-22,62,26,0,
2024-10-23,54,36,0,
2024-10-24,41,27,0,
2024-10-25,45,34,0,
2024-10-26,41,21,0,
2024-10-27,43,19,0,
2024-10-28,60,28,0,
2024-10-29,50,38,0,
2024-10-30,54,30,0,
2024-10-31,44,25,0,
2024-11-01,44,27,0,
2024-11-02,142,96,1,DíaMuertos
2024-11-03,45,27,0,
2024-11-04,56,40,0,
2024-11-05,59,26,0,
2024-11-06,53,26,0,
2024-11-07,60,28,0,
2024-11-08,36,16,0,
2024-11-09,63,45,0,
2024-11-10,59,30,0,
2024-11-11,43,19,0,
2024-11-12,48,26,0,
2024-11-13,56,43,0,
2024-11-14,50,27,0,
2024-11-15,50,27,0,
2024-11-16,43,29,0,
2024-11-17,62,38,0,
2024-11-18,40,16,0,
2024-11-19,37,17,0,
2024-11-20,125,66,1,RevoluciónMexicana
2024-11-21,45,22,0,
2024-11-22,61,40,0,
2024-11-23,38,20,0,
2024-11-24,45,32,0,
2024-11-25,52,25,0,
2024-11-26,41,17,0,
2024-11-27,47,20,0,
2024-11-28,47,26,0,
2024-11-29,38,30,0,
2024-11-30,50,22,0,
2024-12-01,59,41,0,
2024-12-02,48,21,0,
2024-12-03,38,18,0,
2024-12-04,55,40,0,
2024-12-05,53,22,0,
2024-12-06,55,43,0,
2024-12-07,44,23,0,
2024-12-08,44,24,0,
2024-12-09,41,26,0,
2024-12-10,51,21,0,
2024-12-11,41,28,0,
2024-12-12,43,24,0,
2024-12-13,52,26,0,
2024-12-14,53,39,0,
2024-12-15,49,31,0,
2024-12-16,37,18,0,
2024-12-17,50,38,0,
2024-12-18,49,33,0,
2024-12-19,52,29,0,
2024-12-20,37,19,0,
2024-12-21,48,26,0,
2024-12-22,55,40,0,
2024-12-23,64,41,0,
2024-12-24,46,25,0,
2024-12-25,114,55,1,Navidad
2024-12-26,38,21,0,
2024-12-27,55,43,0,
2024-12-28,50,38,0,
2024-12-29,44,19,0,
2024-12-30,45,32,0,
2024-12-31,60,34,0,
2025-01-01,97,64,1,AñoNuevo
2025-01-02,53,21,0,
2025-01-03,35,17,0,
2025-01-04,42,32,0,
2025-01-05,59,30,0,
2025-01-06,44,23,0,
2025-01-07,52,22,0,
2025-01-08,56,43,0,
2025-01-09,58,34,0,
2025-01-10,42,18,0,
2025-01-11,54,34,0,
2025-01-12,57,45,0,
2025-01-13,50,37,0,
2025-01-14,72,53,0,
2025-01-15,42,21,0,
2025-01-16,60,44,0,
2025-01-17,42,31,0,
2025-01-18,56,34,0,
2025-01-19,53,32,0,
2025-01-20,54,27,0,
2025-01-21,35,17,0,
2025-01-22,42,20,0,
2025-01-23,53,24,0,
2025-01-24,59,26,0,
2025-01-25,37,26,0,
2025-01-26,58,43,0,
2025-01-27,41,22,0,
2025-01-28,39,18,0,
2025-01-29,47,33,0,
2025-01-30,46,27,0,
2025-01-31,53,25,0,
2025-02-01,57,30,0,
2025-02-02,53,31,0,
2025-02-03,39,27,0,
2025-02-04,53,27,0,
2025-02-05,101,44,1,DíaConstitución
2025-02-06,47,34,0,
2025-02-07,42,24,0,
2025-02-08,49,35,0,
2025-02-09,55,37,0,
2025-02-10,46,29,0,
2025-02-11,54,34,0,
2025-02-12,43,27,0,
2025-02-13,53,24,0,
2025-02-14,42,18,0,
2025-02-15,55,23,0,
2025-02-16,49,33,0,
2025-02-17,58,41,0,
2025-02-18,52,41,0,
2025-02-19,53,32,0,
2025-02-20,56,32,0,
2025-02-21,64,41,0,
2025-02-22,39,17,0,
2025-02-23,54,32,0,
2025-02-24,36,27,0,
2025-02-25,40,23,0,
2025-02-26,53,32,0,
2025-02-27,46,22,0,
2025-02-28,49,35,0,
2025-03-01,53,21,0,
2025-03-02,50,25,0,
2025-03-03,54,30,0,
2025-03-04,43,17,0,
2025-03-05,44,21,0,
2025-03-06,57,36,0,
2025-03-07,51,26,0,
2025-03-08,55,41,0,
2025-03-09,34,15,0,
2025-03-10,65,36,0,
2025-03-11,63,35,0,
2025-03-12,40,22,0,
2025-03-13,57,33,0,
2025-03-14,51,30,0,
2025-03-15,44,30,0,
2025-03-16,44,23,0,
2025-03-17,47,20,0,
2025-03-18,50,21,0,
2025-03-19,39,29,0,
2025-03-20,66,36,0,
2025-03-21,125,53,1,BenitoJuárez
2025-03-22,43,29,0,
2025-03-23,46,25,0,
2025-03-24,49,36,0,
2025-03-25,55,31,0,
2025-03-26,56,30,0,
2025-03-27,53,27,0,
2025-03-28,47,28,0,
2025-03-29,62,32,0,
2025-03-30,40,18,0,
2025-03-31,49,28,0,
2025-04-01,40,26,0,
2025-04-02,53,21,0,
2025-04-03,44,18,0,
2025-04-04,44,25,0,
2025-04-05,52,30,0,
2025-04-06,39,24,0,
2025-04-07,46,28,0,
2025-04-08,53,39,0,
2025-04-09,55,31,0,
2025-04-10,49,20,0,
2025-04-11,50,25,0,
2025-04-12,64,45,0,
2025-04-13,56,44,0,
2025-04-14,36,21,0,
2025-04-15,53,36,0,
2025-04-16,47,33,0,
2025-04-17,53,23,0,
2025-04-18,123,66,1,SemanaSanta
2025-04-19,48,29,0,
2025-04-20,53,30,0,
2025-04-21,61,42,0,
2025-04-22,53,24,0,
2025-04-23,48,31,0,
2025-04-24,45,21,0,
2025-04-25,64,30,0,
2025-04-26,53,31,0,
2025-04-27,46,31,0,
2025-04-28,42,30,0,
2025-04-29,40,30,0,
2025-04-30,45,31,0,
2025-05-01,43,18,0,
2025-05-02,55,38,0,
2025-05-03,42,32,0,
2025-05-04,56,23,0,
2025-05-05,50,20,0,
2025-05-06,48,32,0,
2025-05-07,46,23,0,
2025-05-08,72,33,0,
2025-05-09,48,26,0,
2025-05-10,155,83,1,DíaMadre
2025-05-11,42,19,0,
2025-05-12,57,32,0,
2025-05-13,47,31,0,
2025-05-14,56,29,0,
2025-05-15,44,19,0,
2025-05-16,55,27,0,
2025-05-17,54,40,0,
2025-05-18,55,27,0,
2025-05-19,44,33,0,
2025-05-20,37,18,0,
2025-05-21,53,34,0,
2025-05-22,48,32,0,
2025-05-23,47,34,0,
2025-05-24,46,31,0,
2025-05-25,52,34,0,
2025-05-26,56,27,0,
2025-05-27,48,23,0,
2025-05-28,58,35,0,
2025-05-29,56,31,0,
2025-05-30,54,36,0,
2025-05-31,62,25,0,
2025-06-01,50,38,0,
2025-06-02,52,36,0,
2025-06-03,39,16,0,
2025-06-04,57,40,0,
2025-06-05,46,27,0,
2025-06-06,54,22,0,
2025-06-07,53,24,0,
2025-06-08,45,18,0,
2025-06-09,47,19,0,
2025-06-10,60,30,0,
2025-06-11,51,22,0,
2025-06-12,40,29,0,
2025-06-13,36,20,0,
2025-06-14,52,36,0,
2025-06-15,107,63,1,DíaPadre
2025-06-16,61,27,0,
2025-06-17,48,32,0,
2025-06-18,51,31,0,
2025-06-19,60,39,0,
2025-06-20,47,36,0,
2025-06-21,53,22,0,
2025-06-22,52,31,0,
2025-06-23,42,17,0,
2025-06-24,61,37,0,
2025-06-25,53,38,0,
2025-06-26,45,18,0,
2025-06-27,56,35,0,
2025-06-28,47,31,0,
2025-06-29,52,31,0,
2025-06-30,41,18,0,
2025-07-01,48,27,0,
2025-07-02,46,34,0,
2025-07-03,41,27,0,
2025-07-04,39,23,0,
2025-07-05,47,20,0,
2025-07-06,49,19,0,
2025-07-07,51,20,0,
2025-07-08,59,44,0,
2025-07-09,57,41,0,
2025-07-10,42,28,0,
2025-07-11,36,16,0,
2025-07-12,55,41,0,
2025-07-13,39,17,0,
2025-07-14,45,33,0,
2025-07-15,66,27,0,
2025-07-16,54,32,0,
2025-07-17,44,24,0,
2025-07-18,47,19,0,
2025-07-19,47,23,0,
2025-07-20,55,29,0,
2025-07-21,54,42,0,
2025-07-22,43,28,0,
2025-07-23,62,43,0,
2025-07-24,61,37,0,
2025-07-25,63,32,0,
2025-07-26,55,33,0,
2025-07-27,54,28,0,
2025-07-28,43,22,0,
2025-07-29,53,25,0,
2025-07-30,52,28,0,
2025-07-31,51,36,0,
2025-08-01,37,18,0,
2025-08-02,59,45,0,
2025-08-03,57,31,0,
2025-08-04,52,40,0,
2025-08-05,48,28,0,
2025-08-06,63,50,0,
2025-08-07,50,26,0,
2025-08-08,38,17,0,
2025-08-09,58,38,0,
2025-08-10,51,33,0,
2025-08-11,52,29,0,
2025-08-12,56,22,0,
2025-08-13,49,24,0,
2025-08-14,56,34,0,
2025-08-15,55,28,0,
2025-08-16,42,30,0,
2025-08-17,55,27,0,
2025-08-18,48,31,0,
2025-08-19,62,28,0,
2025-08-20,52,25,0,
2025-08-21,56,44,0,
2025-08-22,35,17,0,
2025-08-23,43,23,0,
2025-08-24,50,36,0,
2025-08-25,54,38,0,
2025-08-26,59,40,0,
2025-08-27,49,23,0,
2025-08-28,50,22,0,
2025-08-29,47,33,0,
2025-08-30,49,20,0,
2025-08-31,59,32,0,
2025-09-01,54,30,0,
2025-09-02,56,38,0,
2025-09-03,53,35,0,
2025-09-04,58,34,0,
2025-09-05,49,36,0,
2025-09-06,56,27,0,
2025-09-07,41,25,0,
2025-09-08,44,21,0,
2025-09-09,41,20,0,
2025-09-10,56,43,0,
2025-09-11,49,35,0,
2025-09-12,56,27,0,
2025-09-13,60,38,0,
2025-09-14,48,31,0,
2025-09-15,42,21,0,
2025-09-16,90,51,1,DíaIndependencia
2025-09-17,46,25,0,
2025-09-18,46,34,0,
2025-09-19,52,30,0,
2025-09-20,56,23,0,
2025-09-21,74,48,0,
2025-09-22,60,38,0,
2025-09-23,39,20,0,
2025-09-24,61,26,0,
2025-09-25,50,28,0,
2025-09-26,47,21,0,
2025-09-27,55,23,0,
2025-09-28,56,32,0,
2025-09-29,61,25,0,
2025-09-30,53,36,0,
2025-10-01,63,39,0,
2025-10-02,53,28,0,
2025-10-03,45,28,0,
2025-10-04,45,22,0,
2025-10-05,54,36,0,
2025-10-06,47,31,0,
2025-10-07,55,34,0,
2025-10-08,55,27,0,
2025-10-09,50,22,0,
2025-10-10,64,31,0,
2025-10-11,47,30,0,
2025-10-12,45,28,0,
2025-10-13,46,26,0,
2025-10-14,52,34,0,
2025-10-15,47,19,0,
2025-10-16,40,17,0,
2025-10-17,55,43,0,
2025-10-18,56,38,0,
2025-10-19,52,36,0,
2025-10-20,50,39,0,
2025-10-21,60,36,0,
2025-10-22,40,23,0,
2025-10-23,52,22,0,
2025-10-24,42,30,0,
2025-10-25,65,49,0,
2025-10-26,58,39,0,
2025-10-27,52,26,0,
2025-10-28,44,34,0,
2025-10-29,56,42,0,
2025-10-30,54,25,0,
2025-10-31,54,39,0,
2025-11-01,37,29,0,
2025-11-02,91,40,1,DíaMuertos
2025-11-03,39,23,0,
2025-11-04,61,41,0,
2025-11-05,40,18,0,
2025-11-06,70,45,0,
2025-11-07,47,26,0,
2025-11-08,59,37,0,
2025-11-09,55,39,0,
2025-11-10,53,33,0,
2025-11-11,57,32,0,
2025-11-12,44,20,0,
2025-11-13,59,34,0,
2025-11-14,45,28,0,
2025-11-15,38,28,0,
2025-11-16,45,22,0,
2025-11-17,48,20,0,
2025-11-18,39,24,0,
2025-11-19,59,26,0,
2025-11-20,134,88,1,RevoluciónMexicana
2025-11-21,46,29,0,
2025-11-22,35,20,0,
2025-11-23,54,35,0,
2025-11-24,55,37,0,
2025-11-25,51,23,0,
2025-11-26,43,34,0,
2025-11-27,47,34,0,
2025-11-28,47,21,0,
2025-11-29,51,24,0,
2025-11-30,43,33,0,
2025-12-01,44,28,0,
2025-12-02,63,31,0,
2025-12-03,57,31,0,
2025-12-04,41,23,0,
2025-12-05,35,21,0,
2025-12-06,49,32,0,
2025-12-07,48,31,0,
2025-12-08,53,26,0,
2025-12-09,51,35,0,
2025-12-10,48,23,0,
2025-12-11,55,29,0,
2025-12-12,51,25,0,
2025-12-13,48,31,0,
2025-12-14,50,33,0,
2025-12-15,39,30,0,
2025-12-16,52,25,0,
2025-12-17,55,34,0,
2025-12-18,47,33,0,
2025-12-19,58,33,0,
2025-12-20,52,29,0,
2025-12-21,48,27,0,
2025-12-22,45,19,0,
2025-12-23,52,38,0,
2025-12-24,62,38,0,
2025-12-25,134,101,1,Navidad
2025-12-26,48,34,0,
2025-12-27,55,28,0,
2025-12-28,43,18,0,
2025-12-29,47,22,0,
2025-12-30,49,21,0,
2025-12-31,70,46,0,
2026-01-01,140,82,1,AñoNuevo
2026-01-02,56,36,0,
2026-01-03,37,27,0,
2026-01-04,62,41,0,
2026-01-05,59,25,0,
2026-01-06,48,21,0,
2026-01-07,69,28,0,
2026-01-08,43,23,0,
2026-01-09,65,41,0,
2026-01-10,56,37,0,
2026-01-11,49,30,0,
2026-01-12,47,35,0,
2026-01-13,51,22,0,
2026-01-14,54,39,0,
2026-01-15,51,23,0,
2026-01-16,35,27,0,
2026-01-17,63,34,0,
2026-01-18,55,35,0,
2026-01-19,48,31,0,
2026-01-20,48,28,0,
2026-01-21,56,36,0,
2026-01-22,43,21,0,
2026-01-23,52,36,0,
2026-01-24,38,23,0,
2026-01-25,54,42,0,
2026-01-26,49,24,0,
2026-01-27,41,29,0,
2026-01-28,39,17,0,
2026-01-29,36,15,0,
2026-01-30,54,26,0,
2026-01-31,50,27,0,
2026-02-01,54,22,0,
2026-02-02,46,24,0,
2026-02-03,52,37,0,
2026-02-04,44,29,0,
2026-02-05,87,56,1,DíaConstitución
2026-02-06,53,36,0,
2026-02-07,49,21,0,
2026-02-08,45,24,0,
2026-02-09,62,44,0,
2026-02-10,53,23,0,
2026-02-11,44,24,0,
2026-02-12,53,30,0,
2026-02-13,52,25,0,
2026-02-14,58,42,0,
2026-02-15,64,30,0,
2026-02-16,50,25,0,
2026-02-17,51,20,0,
2026-02-18,52,36,0,
2026-02-19,57,37,0,
2026-02-20,44,31,0,
2026-02-21,39,25,0,
2026-02-22,56,33,0,
2026-02-23,56,31,0,
2026-02-24,56,40,0,
2026-02-25,52,41,0,
2026-02-26,50,31,0,
2026-02-27,46,18,0,
2026-02-28,47,33,0,
2026-03-01,46,20,0,
2026-03-02,53,21,0,
2026-03-03,69,39,0,
2026-03-04,44,21,0,
2026-03-05,55,42,0,
2026-03-06,45,27,0,
2026-03-07,62,29,0,
2026-03-08,53,22,0,
2026-03-09,48,26,0,
2026-03-10,53,28,0,
2026-03-11,39,21,0,
2026-03-12,50,25,0,
2026-03-13,43,28,0,
2026-03-14,37,14,0,
2026-03-15,63,30,0,
2026-03-16,64,33,0,
2026-03-17,53,41,0,
2026-03-18,53,38,0,
2026-03-19,54,37,0,
2026-03-20,57,32,0,
2026-03-21,144,81,1,BenitoJuárez
2026-03-22,45,32,0,
2026-03-23,49,32,0,
2026-03-24,52,37,0,
2026-03-25,36,27,0,
2026-03-26,65,34,0,
2026-03-27,46,26,0,
2026-03-28,51,39,0,
2026-03-29,56,37,0,
2026-03-30,45,19,0,
2026-03-31,51,24,0,
2026-04-01,48,33,0,
2026-04-02,61,44,0,
2026-04-03,123,71,1,SemanaSanta
2026-04-04,59,27,0,
2026-04-05,49,20,0,
2026-04-06,53,21,0,
2026-04-07,52,38,0,
2026-04-08,55,28,0,
2026-04-09,43,18,0,
2026-04-10,48,27,0,
2026-04-11,46,27,0,
2026-04-12,43,22,0,
2026-04-13,56,42,0,
2026-04-14,42,22,0,
2026-04-15,34,25,0,
2026-04-16,39,23,0,
2026-04-17,50,25,0,
2026-04-18,48,29,0,
2026-04-19,53,26,0,
2026-04-20,54,36,0,
2026-04-21,47,32,0,
2026-04-22,48,26,0,
2026-04-23,48,31,0,
2026-04-24,55,32,0,
2026-04-25,49,36,0,
2026-04-26,58,34,0,
2026-04-27,53,35,0,
2026-04-28,43,17,0,
2026-04-29,47,29,0,
2026-04-30,67,53,0,
2026-05-01,60,36,0,
2026-05-02,47,37,0,
2026-05-03,48,27,0,
2026-05-04,51,26,0,
2026-05-05,58,25,0,
2026-05-06,49,20,0,
2026-05-07,38,15,0,
2026-05-08,67,40,0,
2026-05-09,52,25,0,
2026-05-10,143,91,1,DíaMadre
2026-05-11,75,31,0,
2026-05-12,48,28,0,
2026-05-13,49,35,0,
2026-05-14,53,28,0,
2026-05-15,40,27,0,
2026-05-16,61,33,0,
2026-05-17,48,30,0,
2026-05-18,61,35,0,
2026-05-19,54,37,0,
2026-05-20,52,31,0,
2026-05-21,51,29,0,
2026-05-22,59,30,0,
2026-05-23,50,31,0,
2026-05-24,53,26,0,
2026-05-25,53,42,0,
2026-05-26,51,39,0,
2026-05-27,51,36,0,
2026-05-28,52,41,0,
2026-05-29,44,19,0,
2026-05-30,57,37,0,
2026-05-31,43,33,0,
2026-06-01,52,27,0,
2026-06-02,55,32,0,
2026-06-03,48,22,0,
2026-06-04,49,33,0,
2026-06-05,47,24,0,
2026-06-06,57,27,0,
2026-06-07,53,31,0,
2026-06-08,55,24,0,
2026-06-09,61,35,0,
2026-06-10,53,28,0,
2026-06-11,63,34,0,
2026-06-12,54,29,0,
2026-06-13,47,22,0,
2026-06-14,36,26,0,
2026-06-15,47,25,0,
2026-06-16,43,21,0,
2026-06-17,37,20,0,
2026-06-18,44,28,0,
2026-06-19,48,37,0,
2026-06-20,45,22,0,
2026-06-21,95,44,1,DíaPadre
2026-06-22,50,30,0,
2026-06-23,38,15,0,
2026-06-24,43,25,0,
2026-06-25,47,31,0,
2026-06-26,51,24,0,
2026-06-27,57,25,0,
2026-06-28,49,28,0,
2026-06-29,56,38,0,
2026-06-30,50,22,0,
2026-07-01,50,25,0,
2026-07-02,58,40,0,
2026-07-03,57,32,0,
2026-07-04,51,29,0,
2026-07-05,33,24,0,
2026-07-06,55,38,0,
2026-07-07,42,25,0,
2026-07-08,52,32,0,
2026-07-09,54,30,0,
2026-07-10,41,23,0,
2026-07-11,41,19,0,
2026-07-12,47,32,0,
2026-07-13,51,21,0,
2026-07-14,53,32,0,
2026-07-15,51,31,0,
2026-07-16,63,45,0,
2026-07-17,47,33,0,
2026-07-18,39,27,0,
2026-07-19,55,39,0,
2026-07-20,44,21,0,
2026-07-21,54,32,0,
2026-07-22,46,26,0,
2026-07-23,47,30,0,
2026-07-24,44,19,0,
2026-07-25,56,32,0,
2026-07-26,45,35,0,
2026-07-27,56,40,0,
2026-07-28,40,24,0,
2026-07-29,50,35,0,
2026-07-30,50,22,0,
2026-07-31,57,38,0,
2026-08-01,50,32,0,
2026-08-02,55,31,0,
2026-08-03,52,37,0,
2026-08-04,54,32,0,
2026-08-05,51,28,0,
2026-08-06,55,26,0,
2026-08-07,48,22,0,
2026-08-08,40,16,0,
2026-08-09,47,20,0,
2026-08-10,47,31,0,
2026-08-11,54,30,0,
2026-08-12,52,36,0,
2026-08-13,48,36,0,
2026-08-14,60,25,0,
2026-08-15,56,44,0,
2026-08-16,46,29,0,
2026-08-17,56,37,0,
2026-08-18,49,36,0,
2026-08-19,51,35,0,
2026-08-20,56,25,0,
2026-08-21,49,23,0,
2026-08-22,65,51,0,
2026-08-23,47,19,0,
2026-08-24,44,34,0,
2026-08-25,48,28,0,
2026-08-26,39,21,0,
2026-08-27,39,22,0,
2026-08-28,50,25,0,
2026-08-29,59,28,0,
2026-08-30,70,52,0,
2026-08-31,53,40,0,
2026-09-01,57,36,0,
2026-09-02,52,34,0,
2026-09-03,59,39,0,
2026-09-04,50,29,0,
2026-09-05,52,25,0,
2026-09-06,49,30,0,
2026-09-07,52,26,0,
2026-09-08,46,20,0,
2026-09-09,50,32,0,
2026-09-10,73,33,0,
2026-09-11,57,25,0,
2026-09-12,47,22,0,
2026-09-13,47,21,0,
2026-09-14,52,25,0,
2026-09-15,49,34,0,
2026-09-16,78,57,1,DíaIndependencia
2026-09-17,47,24,0,
2026-09-18,54,42,0,
2026-09-19,41,23,0,
2026-09-20,56,39,0,
2026-09-21,38,19,0,
2026-09-22,45,31,0,
2026-09-23,50,33,0,
2026-09-24,52,38,0,
2026-09-25,36,26,0,
2026-09-26,60,33,0,
2026-09-27,58,30,0,
2026-09-28,49,20,0,
2026-09-29,51,36,0,
2026-09-30,49,29,0,
2026-10-01,65,33,0,
2026-10-02,60,25,0,
2026-10-03,42,28,0,
2026-10-04,59,38,0,
2026-10-05,46,23,0,
2026-10-06,60,29,0,
2026-10-07,51,26,0,
2026-10-08,49,21,0,
2026-10-09,48,29,0,
2026-10-10,49,31,0,
2026-10-11,58,37,0,
2026-10-12,48,35,0,
2026-10-13,62,35,0,
2026-10-14,53,27,0,
2026-10-15,50,34,0,
2026-10-16,40,24,0,
2026-10-17,69,52,0,
2026-10-18,39,22,0,
2026-10-19,49,34,0,
2026-10-20,58,29,0,
2026-10-21,58,23,0,
2026-10-22,46,20,0,
2026-10-23,51,32,0,
2026-10-24,52,34,0,
2026-10-25,52,24,0,
2026-10-26,60,39,0,
2026-10-27,47,29,0,
2026-10-28,45,27,0,
2026-10-29,45,18,0,
2026-10-30,47,24,0,
2026-10-31,57,28,0,
2026-11-01,52,29,0,
2026-11-02,124,97,1,DíaMuertos
2026-11-03,55,22,0,
2026-11-04,46,29,0,
2026-11-05,49,32,0,
2026-11-06,52,30,0,
2026-11-07,50,38,0,
2026-11-08,49,37,0,
2026-11-09,55,43,0,
2026-11-10,67,52,0,
2026-11-11,43,21,0,
2026-11-12,34,14,0,
2026-11-13,44,29,0,
2026-11-14,53,36,0,
2026-11-15,48,22,0,
2026-11-16,53,32,0,
2026-11-17,61,40,0,
2026-11-18,60,45,0,
2026-11-19,31,17,0,
2026-11-20,142,62,1,RevoluciónMexicana
2026-11-21,43,25,0,
2026-11-22,59,44,0,
2026-11-23,51,26,0,
2026-11-24,50,30,0,
2026-11-25,45,29,0,
2026-11-26,52,35,0,
2026-11-27,49,21,0,
2026-11-28,47,35,0,
2026-11-29,52,27,0,
2026-11-30,49,22,0,
2026-12-01,44,28,0,
2026-12-02,34,16,0,
2026-12-03,50,38,0,
2026-12-04,53,23,0,
2026-12-05,49,32,0,
2026-12-06,47,34,0,
2026-12-07,35,17,0,
2026-12-08,53,28,0,
2026-12-09,53,22,0,
2026-12-10,52,26,0,
2026-12-11,49,25,0,
2026-12-12,41,28,0,
2026-12-13,50,32,0,
2026-12-14,54,38,0,
2026-12-15,41,27,0,
2026-12-16,54,23,0,
2026-12-17,47,22,0,
2026-12-18,48,28,0,
2026-12-19,52,26,0,
2026-12-20,58,34,0,
2026-12-21,44,29,0,
2026-12-22,61,35,0,
2026-12-23,37,15,0,
2026-12-24,39,29,0,
2026-12-25,100,67,1,Navidad
2026-12-26,36,26,0,
2026-12-27,44,31,0,
2026-12-28,53,29,0,
2026-12-29,45,19,0,
2026-12-30,41,19,0,
2026-12-31,49,32,0,
